date,browser,visits
2024-01-04,Chrome,454914
2024-01-04,Safari,182961
2024-01-04,Edge,54165
2024-01-04,Firefox,27669
2024-01-04,Safari (in-app),25682
2024-01-04,Android Webview,21597
2024-01-04,Samsung Internet,11467
2024-01-04,Opera,3922
2024-01-04,Mozilla Compatible Agent,2088
2024-01-04,Amazon Silk,1010
2024-01-04,YaBrowser,1005
2024-01-04,Internet Explorer,401
2024-01-04,Opera Mini,393
2024-01-04,(not set),373
2024-01-04,Whale Browser,210
2024-01-04,UC Browser,154
2024-01-04,Android Runtime,133
2024-01-04,Mozilla,106
2024-01-03,Chrome,424874
2024-01-03,Safari,173207
2024-01-03,Edge,50746
2024-01-03,Firefox,27355
2024-01-03,Safari (in-app),15626
2024-01-03,Android Webview,14360
2024-01-03,Samsung Internet,10863
2024-01-03,Opera,3960
2024-01-03,Mozilla Compatible Agent,2060
2024-01-03,Amazon Silk,1025
2024-01-03,YaBrowser,1011
2024-01-03,Opera Mini,405
2024-01-03,(not set),343
2024-01-03,Internet Explorer,295
2024-01-03,Whale Browser,217
2024-01-03,UC Browser,148
2024-01-03,Android Runtime,113
2024-01-02,Chrome,425376
2024-01-02,Safari,184036
2024-01-02,Edge,48442
2024-01-02,Firefox,27076
2024-01-02,Safari (in-app),13912
2024-01-02,Android Webview,12841
2024-01-02,Samsung Internet,11797
2024-01-02,Opera,4010
2024-01-02,Mozilla Compatible Agent,1876
2024-01-02,YaBrowser,1099
2024-01-02,Amazon Silk,1083
2024-01-02,Opera Mini,367
2024-01-02,(not set),322
2024-01-02,Internet Explorer,236
2024-01-02,Whale Browser,207
2024-01-02,Android Runtime,147
2024-01-02,UC Browser,141
2024-01-02,Mozilla,113
2024-01-01,Chrome,393284
2024-01-01,Safari,196144
2024-01-01,Edge,27708
2024-01-01,Firefox,20224
2024-01-01,Safari (in-app),15013
2024-01-01,Samsung Internet,14916
2024-01-01,Android Webview,13643
2024-01-01,Opera,3378
2024-01-01,Mozilla Compatible Agent,1431
2024-01-01,Amazon Silk,1274
2024-01-01,YaBrowser,926
2024-01-01,(not set),381
2024-01-01,Opera Mini,355
2024-01-01,Whale Browser,220
2024-01-01,UC Browser,127
2023-12-31,Chrome,343382
2023-12-31,Safari,194491
2023-12-31,Edge,24055
2023-12-31,Safari (in-app),22242
2023-12-31,Android Webview,20259
2023-12-31,Firefox,18431
2023-12-31,Samsung Internet,15282
2023-12-31,Opera,3557
2023-12-31,Mozilla Compatible Agent,1642
2023-12-31,Amazon Silk,1160
2023-12-31,YaBrowser,756
2023-12-31,(not set),439
2023-12-31,Opera Mini,405
2023-12-31,Whale Browser,167
2023-12-31,UC Browser,153
2023-12-30,Chrome,308287
2023-12-30,Safari,182616
2023-12-30,Edge,25439
2023-12-30,Firefox,18888
2023-12-30,Safari (in-app),16782
2023-12-30,Android Webview,15789
2023-12-30,Samsung Internet,12795
2023-12-30,Opera,3548
2023-12-30,Mozilla Compatible Agent,1842
2023-12-30,Amazon Silk,1107
2023-12-30,YaBrowser,848
2023-12-30,Opera Mini,374
2023-12-30,(not set),283
2023-12-30,Whale Browser,196
2023-12-30,UC Browser,147
2023-12-30,Coc Coc,101
2023-12-29,Chrome,322106
2023-12-29,Safari,182812
2023-12-29,Edge,31824
2023-12-29,Firefox,20611
2023-12-29,Safari (in-app),18424
2023-12-29,Android Webview,16957
2023-12-29,Samsung Internet,12789
2023-12-29,Opera,3281
2023-12-29,Mozilla Compatible Agent,1612
2023-12-29,Amazon Silk,1004
2023-12-29,YaBrowser,955
2023-12-29,(not set),581
2023-12-29,Opera Mini,361
2023-12-29,Whale Browser,290
2023-12-29,UC Browser,157
2023-12-29,Internet Explorer,149
2023-12-28,Chrome,370771
2023-12-28,Safari,184873
2023-12-28,Edge,35645
2023-12-28,Firefox,22610
2023-12-28,Safari (in-app),15337
2023-12-28,Android Webview,15332
2023-12-28,Samsung Internet,12194
2023-12-28,Opera,3622
2023-12-28,Mozilla Compatible Agent,1671
2023-12-28,YaBrowser,1087
2023-12-28,Amazon Silk,1060
2023-12-28,(not set),819
2023-12-28,Opera Mini,409
2023-12-28,Whale Browser,273
2023-12-28,Internet Explorer,252
2023-12-28,UC Browser,195
2023-12-27,Chrome,457002
2023-12-27,Safari,182443
2023-12-27,Edge,38436
2023-12-27,Firefox,21836
2023-12-27,Safari (in-app),20228
2023-12-27,Android Webview,17454
2023-12-27,Samsung Internet,12107
2023-12-27,Opera,3512
2023-12-27,Mozilla Compatible Agent,1803
2023-12-27,YaBrowser,1218
2023-12-27,Amazon Silk,1040
2023-12-27,Opera Mini,366
2023-12-27,(not set),329
2023-12-27,Internet Explorer,211
2023-12-27,Whale Browser,197
2023-12-27,UC Browser,155
2023-12-26,Chrome,378822
2023-12-26,Safari,180848
2023-12-26,Edge,34078
2023-12-26,Safari (in-app),26577
2023-12-26,Firefox,20033
2023-12-26,Android Webview,19994
2023-12-26,Samsung Internet,12656
2023-12-26,Opera,3428
2023-12-26,Mozilla Compatible Agent,1473
2023-12-26,YaBrowser,1213
2023-12-26,Amazon Silk,1002
2023-12-26,Opera Mini,342
2023-12-26,(not set),306
2023-12-26,Whale Browser,224
2023-12-26,Internet Explorer,174
2023-12-26,UC Browser,156
2023-12-26,Android Runtime,124
2023-12-25,Chrome,339868
2023-12-25,Safari,165882
2023-12-25,Safari (in-app),33399
2023-12-25,Edge,25920
2023-12-25,Android Webview,25521
2023-12-25,Firefox,16390
2023-12-25,Samsung Internet,12435
2023-12-25,Opera,3055
2023-12-25,Mozilla Compatible Agent,1567
2023-12-25,YaBrowser,1176
2023-12-25,Amazon Silk,905
2023-12-25,Opera Mini,358
2023-12-25,(not set),264
2023-12-25,Whale Browser,253
2023-12-25,Android Runtime,125
2023-12-25,UC Browser,119
2023-12-25,Internet Explorer,105
2023-12-24,Chrome,300184
2023-12-24,Safari,166812
2023-12-24,Safari (in-app),46471
2023-12-24,Android Webview,27749
2023-12-24,Edge,23561
2023-12-24,Firefox,16030
2023-12-24,Samsung Internet,12968
2023-12-24,Opera,2990
2023-12-24,Mozilla Compatible Agent,1542
2023-12-24,YaBrowser,1183
2023-12-24,Amazon Silk,994
2023-12-24,Opera Mini,386
2023-12-24,(not set),257
2023-12-24,Whale Browser,223
2023-12-24,UC Browser,174
2023-12-24,Android Runtime,118
2023-12-23,Chrome,294334
2023-12-23,Safari,165849
2023-12-23,Edge,25137
2023-12-23,Firefox,17659
2023-12-23,Safari (in-app),13989
2023-12-23,Android Webview,12739
2023-12-23,Samsung Internet,12264
2023-12-23,Opera,3119
2023-12-23,Mozilla Compatible Agent,1500
2023-12-23,Amazon Silk,1377
2023-12-23,YaBrowser,1071
2023-12-23,(not set),733
2023-12-23,Opera Mini,371
2023-12-23,Whale Browser,168
2023-12-23,UC Browser,155
2023-12-23,Android Runtime,113
2023-12-22,Chrome,385112
2023-12-22,Safari,182812
2023-12-22,Edge,37786
2023-12-22,Firefox,24475
2023-12-22,Safari (in-app),16472
2023-12-22,Android Webview,14568
2023-12-22,Samsung Internet,12936
2023-12-22,Opera,3496
2023-12-22,Mozilla Compatible Agent,1861
2023-12-22,YaBrowser,1270
2023-12-22,Amazon Silk,1188
2023-12-22,Opera Mini,424
2023-12-22,(not set),388
2023-12-22,Internet Explorer,224
2023-12-22,Whale Browser,177
2023-12-22,UC Browser,133
2023-12-22,Android Runtime,113
2023-12-21,Chrome,458005
2023-12-21,Safari,184445
2023-12-21,Edge,47626
2023-12-21,Firefox,27064
2023-12-21,Safari (in-app),19759
2023-12-21,Android Webview,18009
2023-12-21,Samsung Internet,12861
2023-12-21,Opera,3830
2023-12-21,Mozilla Compatible Agent,1937
2023-12-21,YaBrowser,1413
2023-12-21,Amazon Silk,1039
2023-12-21,Opera Mini,431
2023-12-21,(not set),319
2023-12-21,Internet Explorer,268
2023-12-21,Whale Browser,185
2023-12-21,UC Browser,173
2023-12-21,Android Runtime,112
2023-12-21,Mozilla,104
2023-12-20,Chrome,537658
2023-12-20,Safari,185874
2023-12-20,Edge,52568
2023-12-20,Firefox,29541
2023-12-20,Safari (in-app),28376
2023-12-20,Android Webview,23241
2023-12-20,Samsung Internet,12176
2023-12-20,Opera,4057
2023-12-20,Mozilla Compatible Agent,2064
2023-12-20,YaBrowser,1565
2023-12-20,Amazon Silk,1031
2023-12-20,Opera Mini,436
2023-12-20,Internet Explorer,384
2023-12-20,(not set),372
2023-12-20,Whale Browser,208
2023-12-20,Android Runtime,173
2023-12-20,UC Browser,147
2023-12-20,Mozilla,102
2023-12-19,Chrome,473853
2023-12-19,Safari,183920
2023-12-19,Edge,54992
2023-12-19,Firefox,28351
2023-12-19,Safari (in-app),24008
2023-12-19,Android Webview,19212
2023-12-19,Samsung Internet,11160
2023-12-19,Opera,4056
2023-12-19,Mozilla Compatible Agent,2397
2023-12-19,YaBrowser,1715
2023-12-19,Amazon Silk,1026
2023-12-19,Internet Explorer,406
2023-12-19,Opera Mini,391
2023-12-19,(not set),363
2023-12-19,Whale Browser,216
2023-12-19,UC Browser,166
2023-12-19,Android Runtime,160
2023-12-18,Chrome,473751
2023-12-18,Safari,175239
2023-12-18,Edge,53149
2023-12-18,Firefox,28698
2023-12-18,Android Webview,14372
2023-12-18,Safari (in-app),14127
2023-12-18,Samsung Internet,10069
2023-12-18,Opera,4055
2023-12-18,Mozilla Compatible Agent,2260
2023-12-18,YaBrowser,1827
2023-12-18,Amazon Silk,934
2023-12-18,Internet Explorer,477
2023-12-18,Opera Mini,352
2023-12-18,(not set),343
2023-12-18,Whale Browser,221
2023-12-18,UC Browser,168
2023-12-18,Android Runtime,133
2023-12-18,Mozilla,129
2023-12-17,Chrome,340560
2023-12-17,Safari,179093
2023-12-17,Edge,30589
2023-12-17,Firefox,19306
2023-12-17,Android Webview,13941
2023-12-17,Safari (in-app),13755
2023-12-17,Samsung Internet,10689
2023-12-17,Opera,3904
2023-12-17,Mozilla Compatible Agent,1896
2023-12-17,YaBrowser,1869
2023-12-17,Amazon Silk,937
2023-12-17,Opera Mini,395
2023-12-17,(not set),280
2023-12-17,Whale Browser,213
2023-12-17,UC Browser,165
2023-12-17,Android Browser,121
2023-12-17,Internet Explorer,117
2023-12-17,Android Runtime,107
2023-12-16,Chrome,314380
2023-12-16,Safari,168300
2023-12-16,Edge,28657
2023-12-16,Firefox,19159
2023-12-16,Safari (in-app),15204
2023-12-16,Android Webview,14837
2023-12-16,Samsung Internet,11461
2023-12-16,Opera,3704
2023-12-16,Mozilla Compatible Agent,1931
2023-12-16,YaBrowser,1271
2023-12-16,Amazon Silk,1031
2023-12-16,(not set),479
2023-12-16,Opera Mini,385
2023-12-16,UC Browser,198
2023-12-16,Whale Browser,156
2023-12-16,Android Runtime,126
2023-12-16,Mozilla,102
2023-12-15,Chrome,452936
2023-12-15,Safari,166479
2023-12-15,Edge,47835
2023-12-15,Firefox,25321
2023-12-15,Android Webview,14193
2023-12-15,Safari (in-app),13940
2023-12-15,Samsung Internet,10821
2023-12-15,Opera,4013
2023-12-15,Mozilla Compatible Agent,2055
2023-12-15,YaBrowser,1050
2023-12-15,Amazon Silk,932
2023-12-15,Opera Mini,367
2023-12-15,(not set),336
2023-12-15,Internet Explorer,301
2023-12-15,Whale Browser,218
2023-12-15,UC Browser,169
2023-12-15,Android Runtime,156
2023-12-15,Android Browser,107
2023-12-15,Mozilla,104
2023-12-14,Chrome,571356
2023-12-14,Safari,186451
2023-12-14,Edge,61863
2023-12-14,Firefox,28614
2023-12-14,Android Webview,17955
2023-12-14,Safari (in-app),17382
2023-12-14,Samsung Internet,11589
2023-12-14,Opera,4355
2023-12-14,Mozilla Compatible Agent,2310
2023-12-14,YaBrowser,1287
2023-12-14,Amazon Silk,967
2023-12-14,(not set),712
2023-12-14,Whale Browser,402
2023-12-14,Opera Mini,372
2023-12-14,Internet Explorer,350
2023-12-14,UC Browser,177
2023-12-14,Android Runtime,128
2023-12-14,Mozilla,116
2023-12-14,Coc Coc,101
2023-12-13,Chrome,629663
2023-12-13,Safari,191250
2023-12-13,Edge,63779
2023-12-13,Firefox,29019
2023-12-13,Safari (in-app),27116
2023-12-13,Android Webview,24012
2023-12-13,Samsung Internet,12811
2023-12-13,Opera,4496
2023-12-13,Mozilla Compatible Agent,2348
2023-12-13,YaBrowser,1329
2023-12-13,(not set),1238
2023-12-13,Amazon Silk,1038
2023-12-13,Opera Mini,357
2023-12-13,Whale Browser,349
2023-12-13,Internet Explorer,345
2023-12-13,Android Runtime,143
2023-12-13,UC Browser,131
2023-12-13,Mozilla,106
2023-12-12,Chrome,605961
2023-12-12,Safari,191638
2023-12-12,Edge,69445
2023-12-12,Firefox,30552
2023-12-12,Safari (in-app),17371
2023-12-12,Android Webview,16557
2023-12-12,(not set),13411
2023-12-12,Samsung Internet,12288
2023-12-12,Opera,4584
2023-12-12,Mozilla Compatible Agent,2497
2023-12-12,YaBrowser,1254
2023-12-12,Amazon Silk,992
2023-12-12,Opera Mini,386
2023-12-12,Internet Explorer,355
2023-12-12,Whale Browser,247
2023-12-12,UC Browser,137
2023-12-12,Android Runtime,126
2023-12-12,Mozilla,117
2023-12-11,Chrome,547041
2023-12-11,Safari,187209
2023-12-11,Edge,62988
2023-12-11,Firefox,30264
2023-12-11,Safari (in-app),17207
2023-12-11,Android Webview,15508
2023-12-11,Samsung Internet,10948
2023-12-11,(not set),5236
2023-12-11,Opera,4442
2023-12-11,Mozilla Compatible Agent,2155
2023-12-11,YaBrowser,1354
2023-12-11,Amazon Silk,1041
2023-12-11,Opera Mini,399
2023-12-11,Internet Explorer,378
2023-12-11,Whale Browser,259
2023-12-11,Android Runtime,160
2023-12-11,UC Browser,152
2023-12-11,Mozilla,109
2023-12-10,Chrome,328475
2023-12-10,Safari,155032
2023-12-10,Edge,36550
2023-12-10,Android Webview,25195
2023-12-10,Safari (in-app),20324
2023-12-10,Firefox,19842
2023-12-10,Samsung Internet,10701
2023-12-10,Opera,4111
2023-12-10,Mozilla Compatible Agent,1988
2023-12-10,YaBrowser,1264
2023-12-10,Amazon Silk,992
2023-12-10,Opera Mini,385
2023-12-10,(not set),268
2023-12-10,Whale Browser,214
2023-12-10,UC Browser,163
2023-12-10,Android Runtime,161
2023-12-09,Chrome,305406
2023-12-09,Safari,148765
2023-12-09,Edge,29591
2023-12-09,Firefox,18216
2023-12-09,Android Webview,13424
2023-12-09,Safari (in-app),12784
2023-12-09,Samsung Internet,10469
2023-12-09,Opera,3703
2023-12-09,Mozilla Compatible Agent,1790
2023-12-09,YaBrowser,1130
2023-12-09,Amazon Silk,956
2023-12-09,Opera Mini,402
2023-12-09,(not set),230
2023-12-09,Whale Browser,209
2023-12-09,UC Browser,159
2023-12-09,Android Runtime,131
2023-12-09,Android Browser,126
2023-12-09,Internet Explorer,110
2023-12-08,Chrome,484366
2023-12-08,Safari,164008
2023-12-08,Edge,49518
2023-12-08,Firefox,25271
2023-12-08,Android Webview,13474
2023-12-08,Safari (in-app),12745
2023-12-08,Samsung Internet,10476
2023-12-08,Opera,4129
2023-12-08,Mozilla Compatible Agent,2120
2023-12-08,YaBrowser,1133
2023-12-08,Amazon Silk,973
2023-12-08,(not set),911
2023-12-08,Opera Mini,336
2023-12-08,Internet Explorer,254
2023-12-08,Whale Browser,213
2023-12-08,UC Browser,161
2023-12-08,Android Browser,127
2023-12-08,Android Runtime,125
2023-12-08,Mozilla,109
2023-12-07,Chrome,590211
2023-12-07,Safari,184831
2023-12-07,Edge,62316
2023-12-07,Firefox,27926
2023-12-07,Android Webview,13565
2023-12-07,Safari (in-app),13083
2023-12-07,Samsung Internet,10370
2023-12-07,Opera,4513
2023-12-07,Mozilla Compatible Agent,2296
2023-12-07,YaBrowser,1265
2023-12-07,Amazon Silk,963
2023-12-07,(not set),576
2023-12-07,Opera Mini,423
2023-12-07,Internet Explorer,319
2023-12-07,Whale Browser,252
2023-12-07,Android Runtime,203
2023-12-07,UC Browser,194
2023-12-07,Mozilla,129
2023-12-06,Chrome,567362
2023-12-06,Safari,191856
2023-12-06,Edge,64170
2023-12-06,Firefox,29581
2023-12-06,Safari (in-app),16069
2023-12-06,Android Webview,15894
2023-12-06,Samsung Internet,11919
2023-12-06,Opera,4612
2023-12-06,Mozilla Compatible Agent,2551
2023-12-06,YaBrowser,1315
2023-12-06,Amazon Silk,1033
2023-12-06,(not set),720
2023-12-06,Opera Mini,413
2023-12-06,Internet Explorer,371
2023-12-06,Whale Browser,249
2023-12-06,Android Runtime,150
2023-12-06,UC Browser,145
2023-12-06,Mozilla,126
2023-12-05,Chrome,612817
2023-12-05,Safari,195721
2023-12-05,Edge,64918
2023-12-05,Firefox,29071
2023-12-05,Safari (in-app),17143
2023-12-05,Android Webview,15746
2023-12-05,Samsung Internet,12081
2023-12-05,Opera,4794
2023-12-05,Mozilla Compatible Agent,2661
2023-12-05,YaBrowser,1320
2023-12-05,Amazon Silk,909
2023-12-05,Internet Explorer,397
2023-12-05,(not set),381
2023-12-05,Opera Mini,345
2023-12-05,Whale Browser,266
2023-12-05,UC Browser,167
2023-12-05,Mozilla,115
2023-12-05,Android Runtime,108
2023-12-04,Chrome,589948
2023-12-04,Safari,206099
2023-12-04,Edge,64864
2023-12-04,Firefox,31552
2023-12-04,Android Webview,16866
2023-12-04,Safari (in-app),15470
2023-12-04,Samsung Internet,12852
2023-12-04,Opera,5174
2023-12-04,Mozilla Compatible Agent,2722
2023-12-04,YaBrowser,1343
2023-12-04,Amazon Silk,952
2023-12-04,(not set),669
2023-12-04,Opera Mini,457
2023-12-04,Whale Browser,382
2023-12-04,Internet Explorer,318
2023-12-04,UC Browser,176
2023-12-04,Android Runtime,132
2023-12-04,Mozilla,111
2023-12-04,Coc Coc,103
2023-12-03,Chrome,407002
2023-12-03,Safari,212257
2023-12-03,Edge,38926
2023-12-03,Firefox,21301
2023-12-03,Android Webview,16901
2023-12-03,Samsung Internet,15545
2023-12-03,Safari (in-app),15069
2023-12-03,Opera,5116
2023-12-03,Mozilla Compatible Agent,2421
2023-12-03,YaBrowser,1362
2023-12-03,Amazon Silk,1159
2023-12-03,Opera Mini,415
2023-12-03,(not set),335
2023-12-03,Whale Browser,322
2023-12-03,UC Browser,182
2023-12-03,Internet Explorer,126
2023-12-02,Chrome,425851
2023-12-02,Safari,227698
2023-12-02,Edge,33180
2023-12-02,Firefox,20795
2023-12-02,Android Webview,19490
2023-12-02,Samsung Internet,19079
2023-12-02,Safari (in-app),16280
2023-12-02,Opera,5134
2023-12-02,Mozilla Compatible Agent,2544
2023-12-02,YaBrowser,1390
2023-12-02,Amazon Silk,1184
2023-12-02,Opera Mini,401
2023-12-02,(not set),374
2023-12-02,Whale Browser,283
2023-12-02,UC Browser,163
2023-12-01,Chrome,628054
2023-12-01,Safari,238512
2023-12-01,Edge,56936
2023-12-01,Firefox,27705
2023-12-01,Android Webview,21094
2023-12-01,Safari (in-app),19030
2023-12-01,Samsung Internet,16265
2023-12-01,Opera,5051
2023-12-01,Mozilla Compatible Agent,2853
2023-12-01,YaBrowser,1378
2023-12-01,Amazon Silk,1213
2023-12-01,(not set),421
2023-12-01,Opera Mini,383
2023-12-01,Internet Explorer,250
2023-12-01,UC Browser,206
2023-12-01,Whale Browser,206
2023-12-01,Mozilla,104
2023-11-30,Chrome,607032
2023-11-30,Safari,200963
2023-11-30,Edge,65352
2023-11-30,Firefox,30794
2023-11-30,Safari (in-app),23513
2023-11-30,Android Webview,21515
2023-11-30,Samsung Internet,11941
2023-11-30,Opera,4692
2023-11-30,Mozilla Compatible Agent,2879
2023-11-30,YaBrowser,1362
2023-11-30,Amazon Silk,1032
2023-11-30,(not set),665
2023-11-30,Opera Mini,446
2023-11-30,Internet Explorer,372
2023-11-30,Whale Browser,313
2023-11-30,UC Browser,215
2023-11-30,Mozilla,127
2023-11-29,Chrome,605668
2023-11-29,Safari,216664
2023-11-29,Edge,69574
2023-11-29,Firefox,32823
2023-11-29,Safari (in-app),16421
2023-11-29,Android Webview,15229
2023-11-29,Samsung Internet,12721
2023-11-29,Opera,4919
2023-11-29,Mozilla Compatible Agent,2912
2023-11-29,YaBrowser,1484
2023-11-29,Amazon Silk,1136
2023-11-29,(not set),586
2023-11-29,Opera Mini,424
2023-11-29,Internet Explorer,394
2023-11-29,Whale Browser,280
2023-11-29,UC Browser,193
2023-11-29,Mozilla,125
2023-11-28,Chrome,631372
2023-11-28,Safari,229650
2023-11-28,Edge,74714
2023-11-28,Firefox,30415
2023-11-28,Android Webview,26135
2023-11-28,Safari (in-app),24764
2023-11-28,Samsung Internet,12788
2023-11-28,Opera,5037
2023-11-28,Mozilla Compatible Agent,2821
2023-11-28,YaBrowser,1324
2023-11-28,Amazon Silk,1214
2023-11-28,(not set),762
2023-11-28,Opera Mini,436
2023-11-28,Internet Explorer,386
2023-11-28,Whale Browser,261
2023-11-28,UC Browser,212
2023-11-28,Android Browser,159
2023-11-28,Coc Coc,109
2023-11-28,Mozilla,103
2023-11-27,Chrome,705747
2023-11-27,Safari,235238
2023-11-27,Edge,69162
2023-11-27,Firefox,29517
2023-11-27,Safari (in-app),23554
2023-11-27,Android Webview,20000
2023-11-27,Samsung Internet,11773
2023-11-27,Opera,4715
2023-11-27,Mozilla Compatible Agent,2687
2023-11-27,YaBrowser,1257
2023-11-27,Amazon Silk,1025
2023-11-27,(not set),710
2023-11-27,Opera Mini,431
2023-11-27,Internet Explorer,355
2023-11-27,Whale Browser,343
2023-11-27,UC Browser,205
2023-11-27,Mozilla,125
2023-11-26,Chrome,411583
2023-11-26,Safari,268894
2023-11-26,Edge,36811
2023-11-26,Firefox,19477
2023-11-26,Samsung Internet,12019
2023-11-26,Android Webview,11003
2023-11-26,Safari (in-app),10685
2023-11-26,Opera,4167
2023-11-26,Mozilla Compatible Agent,2333
2023-11-26,YaBrowser,1205
2023-11-26,Amazon Silk,1013
2023-11-26,Opera Mini,448
2023-11-26,(not set),309
2023-11-26,Whale Browser,248
2023-11-26,UC Browser,185
2023-11-26,Internet Explorer,140
2023-11-26,Coc Coc,105
2023-11-25,Chrome,350641
2023-11-25,Safari,200205
2023-11-25,Edge,30285
2023-11-25,Firefox,17933
2023-11-25,Samsung Internet,11578
2023-11-25,Android Webview,11314
2023-11-25,Safari (in-app),10598
2023-11-25,Opera,3555
2023-11-25,Mozilla Compatible Agent,2227
2023-11-25,Amazon Silk,1142
2023-11-25,YaBrowser,1139
2023-11-25,(not set),556
2023-11-25,Opera Mini,405
2023-11-25,UC Browser,201
2023-11-25,Whale Browser,181
2023-11-24,Chrome,370794
2023-11-24,Safari,173543
2023-11-24,Edge,40508
2023-11-24,Firefox,22240
2023-11-24,Android Webview,12263
2023-11-24,Samsung Internet,11395
2023-11-24,Safari (in-app),11349
2023-11-24,Opera,3703
2023-11-24,Mozilla Compatible Agent,2479
2023-11-24,YaBrowser,1151
2023-11-24,Amazon Silk,1117
2023-11-24,(not set),687
2023-11-24,Opera Mini,455
2023-11-24,Whale Browser,199
2023-11-24,Internet Explorer,165
2023-11-24,UC Browser,151
2023-11-23,Chrome,367535
2023-11-23,Safari,176187
2023-11-23,Edge,41552
2023-11-23,Firefox,22401
2023-11-23,Android Webview,12676
2023-11-23,Safari (in-app),12075
2023-11-23,Samsung Internet,11750
2023-11-23,Opera,4161
2023-11-23,Mozilla Compatible Agent,2270
2023-11-23,YaBrowser,1263
2023-11-23,(not set),1214
2023-11-23,Amazon Silk,914
2023-11-23,Opera Mini,457
2023-11-23,Whale Browser,278
2023-11-23,UC Browser,188
2023-11-23,Coc Coc,133
2023-11-23,Internet Explorer,128
2023-11-23,Mozilla,114
2023-11-22,Chrome,455225
2023-11-22,Safari,179491
2023-11-22,Edge,53533
2023-11-22,Firefox,26570
2023-11-22,Android Webview,16690
2023-11-22,Safari (in-app),15169
2023-11-22,Samsung Internet,11967
2023-11-22,Opera,4686
2023-11-22,Mozilla Compatible Agent,2483
2023-11-22,YaBrowser,1222
2023-11-22,Amazon Silk,1065
2023-11-22,Opera Mini,496
2023-11-22,Whale Browser,314
2023-11-22,Internet Explorer,253
2023-11-22,(not set),211
2023-11-22,UC Browser,191
2023-11-22,Android Browser,126
2023-11-22,Coc Coc,119
2023-11-22,Mozilla,111
2023-11-21,Chrome,696873
2023-11-21,Safari,195970
2023-11-21,Edge,59384
2023-11-21,Firefox,29314
2023-11-21,Android Webview,18614
2023-11-21,Safari (in-app),15438
2023-11-21,Samsung Internet,14740
2023-11-21,Opera,4635
2023-11-21,Mozilla Compatible Agent,2708
2023-11-21,Amazon Silk,1398
2023-11-21,YaBrowser,1248
2023-11-21,Opera Mini,507
2023-11-21,(not set),460
2023-11-21,Internet Explorer,350
2023-11-21,Whale Browser,284
2023-11-21,UC Browser,174
2023-11-21,Mozilla,124
2023-11-20,Chrome,609359
2023-11-20,Safari,212528
2023-11-20,Edge,62918
2023-11-20,Firefox,30439
2023-11-20,Android Webview,17705
2023-11-20,Safari (in-app),15534
2023-11-20,Samsung Internet,12415
2023-11-20,Opera,4907
2023-11-20,Mozilla Compatible Agent,2865
2023-11-20,Amazon Silk,1336
2023-11-20,YaBrowser,1236
2023-11-20,(not set),550
2023-11-20,Opera Mini,453
2023-11-20,Internet Explorer,354
2023-11-20,Whale Browser,303
2023-11-20,UC Browser,146
2023-11-20,Mozilla,128
2023-11-19,Chrome,351497
2023-11-19,Safari,180916
2023-11-19,Edge,35446
2023-11-19,Firefox,20099
2023-11-19,Android Webview,12609
2023-11-19,Safari (in-app),12034
2023-11-19,Samsung Internet,10801
2023-11-19,Opera,4250
2023-11-19,Mozilla Compatible Agent,2442
2023-11-19,Amazon Silk,1599
2023-11-19,YaBrowser,1205
2023-11-19,Opera Mini,419
2023-11-19,(not set),308
2023-11-19,Whale Browser,269
2023-11-19,UC Browser,191
2023-11-19,Internet Explorer,107
2023-11-18,Chrome,314664
2023-11-18,Safari,166124
2023-11-18,Edge,34157
2023-11-18,Firefox,21171
2023-11-18,Android Webview,13484
2023-11-18,Safari (in-app),12410
2023-11-18,Samsung Internet,11802
2023-11-18,Opera,4120
2023-11-18,Mozilla Compatible Agent,2663
2023-11-18,Amazon Silk,1919
2023-11-18,YaBrowser,1070
2023-11-18,Opera Mini,463
2023-11-18,(not set),263
2023-11-18,UC Browser,206
2023-11-18,Whale Browser,202
2023-11-18,Internet Explorer,112
2023-11-17,Chrome,507819
2023-11-17,Safari,166329
2023-11-17,Edge,52420
2023-11-17,Firefox,25781
2023-11-17,Android Webview,14155
2023-11-17,Safari (in-app),13012
2023-11-17,Samsung Internet,10128
2023-11-17,Opera,4183
2023-11-17,Mozilla Compatible Agent,2442
2023-11-17,Amazon Silk,1173
2023-11-17,YaBrowser,1135
2023-11-17,(not set),548
2023-11-17,Opera Mini,431
2023-11-17,Internet Explorer,284
2023-11-17,Whale Browser,222
2023-11-17,UC Browser,203
2023-11-16,Chrome,567250
2023-11-16,Safari,181730
2023-11-16,Edge,69964
2023-11-16,Firefox,29753
2023-11-16,Android Webview,14132
2023-11-16,Safari (in-app),13909
2023-11-16,Samsung Internet,10305
2023-11-16,Opera,4617
2023-11-16,Mozilla Compatible Agent,2449
2023-11-16,YaBrowser,1288
2023-11-16,Amazon Silk,1031
2023-11-16,(not set),612
2023-11-16,Opera Mini,430
2023-11-16,Internet Explorer,344
2023-11-16,Whale Browser,258
2023-11-16,UC Browser,185
2023-11-16,Mozilla,121
2023-11-15,Chrome,570605
2023-11-15,Safari,188048
2023-11-15,Edge,66416
2023-11-15,Firefox,31257
2023-11-15,Safari (in-app),15556
2023-11-15,Android Webview,14471
2023-11-15,Samsung Internet,10778
2023-11-15,Opera,5008
2023-11-15,Mozilla Compatible Agent,2753
2023-11-15,(not set),1280
2023-11-15,YaBrowser,1237
2023-11-15,Amazon Silk,1030
2023-11-15,Opera Mini,480
2023-11-15,Internet Explorer,379
2023-11-15,Whale Browser,238
2023-11-15,UC Browser,125
2023-11-15,Mozilla,117
2023-11-14,Chrome,628219
2023-11-14,Safari,193749
2023-11-14,Edge,67213
2023-11-14,Firefox,30795
2023-11-14,Android Webview,17441
2023-11-14,Safari (in-app),17348
2023-11-14,Samsung Internet,11309
2023-11-14,Opera,4939
2023-11-14,Mozilla Compatible Agent,2857
2023-11-14,(not set),1620
2023-11-14,YaBrowser,1266
2023-11-14,Amazon Silk,1077
2023-11-14,Opera Mini,458
2023-11-14,Internet Explorer,393
2023-11-14,Whale Browser,266
2023-11-14,UC Browser,167
2023-11-14,Coc Coc,161
2023-11-14,Mozilla,117
2023-11-14,Seznam,116
2023-11-13,Chrome,600201
2023-11-13,Safari,188892
2023-11-13,Edge,66443
2023-11-13,Firefox,31225
2023-11-13,Safari (in-app),18002
2023-11-13,Android Webview,17384
2023-11-13,Samsung Internet,10222
2023-11-13,Opera,4977
2023-11-13,Mozilla Compatible Agent,3055
2023-11-13,YaBrowser,1181
2023-11-13,(not set),968
2023-11-13,Amazon Silk,941
2023-11-13,Opera Mini,520
2023-11-13,Internet Explorer,314
2023-11-13,Whale Browser,270
2023-11-13,UC Browser,221
2023-11-13,Seznam,135
2023-11-13,Coc Coc,112
2023-11-13,Mozilla,108
2023-11-12,Chrome,354854
2023-11-12,Safari,167445
2023-11-12,Edge,36466
2023-11-12,Firefox,20461
2023-11-12,Android Webview,15341
2023-11-12,Safari (in-app),13942
2023-11-12,Samsung Internet,11209
2023-11-12,(not set),11121
2023-11-12,Opera,4196
2023-11-12,Mozilla Compatible Agent,2573
2023-11-12,YaBrowser,1080
2023-11-12,Amazon Silk,1078
2023-11-12,Whale Browser,476
2023-11-12,Opera Mini,445
2023-11-12,UC Browser,208
2023-11-12,Internet Explorer,120
2023-11-11,Chrome,314017
2023-11-11,Safari,145391
2023-11-11,Edge,30437
2023-11-11,Firefox,18969
2023-11-11,Android Webview,17913
2023-11-11,Safari (in-app),16027
2023-11-11,Samsung Internet,10546
2023-11-11,(not set),6247
2023-11-11,Opera,3710
2023-11-11,Mozilla Compatible Agent,2770
2023-11-11,Amazon Silk,1029
2023-11-11,YaBrowser,934
2023-11-11,Opera Mini,452
2023-11-11,Whale Browser,212
2023-11-11,UC Browser,172
2023-11-10,Chrome,478887
2023-11-10,Safari,162727
2023-11-10,Edge,48565
2023-11-10,Firefox,26651
2023-11-10,Safari (in-app),17801
2023-11-10,Android Webview,17768
2023-11-10,Samsung Internet,10440
2023-11-10,Opera,4219
2023-11-10,Mozilla Compatible Agent,3106
2023-11-10,YaBrowser,1118
2023-11-10,Amazon Silk,1035
2023-11-10,Opera Mini,489
2023-11-10,(not set),417
2023-11-10,Whale Browser,191
2023-11-10,Internet Explorer,141
2023-11-10,UC Browser,129
2023-11-10,Android Browser,113
2023-11-10,Mozilla,111
2023-11-09,Chrome,602844
2023-11-09,Safari,196788
2023-11-09,Edge,65236
2023-11-09,Firefox,31167
2023-11-09,Android Webview,23190
2023-11-09,Safari (in-app),23055
2023-11-09,Samsung Internet,11759
2023-11-09,Opera,5057
2023-11-09,Mozilla Compatible Agent,3692
2023-11-09,YaBrowser,1257
2023-11-09,Amazon Silk,1082
2023-11-09,(not set),949
2023-11-09,Opera Mini,482
2023-11-09,Internet Explorer,370
2023-11-09,Whale Browser,301
2023-11-09,UC Browser,198
2023-11-09,Mozilla,115
2023-11-08,Chrome,622518
2023-11-08,Safari,194067
2023-11-08,Edge,69196
2023-11-08,Firefox,32333
2023-11-08,Safari (in-app),17913
2023-11-08,Android Webview,15803
2023-11-08,Samsung Internet,11766
2023-11-08,Opera,5305
2023-11-08,Mozilla Compatible Agent,3266
2023-11-08,(not set),1357
2023-11-08,YaBrowser,1165
2023-11-08,Amazon Silk,992
2023-11-08,Opera Mini,465
2023-11-08,Internet Explorer,385
2023-11-08,Whale Browser,289
2023-11-08,UC Browser,174
2023-11-08,Mozilla,127
2023-11-07,Chrome,573998
2023-11-07,Safari,187087
2023-11-07,Edge,63510
2023-11-07,Firefox,32885
2023-11-07,Safari (in-app),14271
2023-11-07,Android Webview,13395
2023-11-07,Samsung Internet,11379
2023-11-07,Opera,4887
2023-11-07,Mozilla Compatible Agent,2942
2023-11-07,YaBrowser,1255
2023-11-07,Amazon Silk,1026
2023-11-07,(not set),607
2023-11-07,Opera Mini,525
2023-11-07,Internet Explorer,317
2023-11-07,Whale Browser,266
2023-11-07,UC Browser,176
2023-11-07,Android Browser,159
2023-11-07,Mozilla,135
2023-11-06,Chrome,572954
2023-11-06,Safari,182129
2023-11-06,Edge,64595
2023-11-06,Firefox,31337
2023-11-06,Safari (in-app),12259
2023-11-06,Android Webview,11642
2023-11-06,Samsung Internet,11075
2023-11-06,Opera,4967
2023-11-06,Mozilla Compatible Agent,2332
2023-11-06,YaBrowser,1132
2023-11-06,Amazon Silk,990
2023-11-06,Opera Mini,476
2023-11-06,(not set),366
2023-11-06,Whale Browser,334
2023-11-06,Internet Explorer,294
2023-11-06,UC Browser,202
2023-11-06,Mozilla,134
2023-11-06,Coc Coc,109
2023-11-05,Chrome,357924
2023-11-05,Safari,170701
2023-11-05,Edge,37767
2023-11-05,Firefox,22630
2023-11-05,Android Webview,13093
2023-11-05,Samsung Internet,11881
2023-11-05,Safari (in-app),11812
2023-11-05,Opera,4654
2023-11-05,Mozilla Compatible Agent,2127
2023-11-05,Amazon Silk,1171
2023-11-05,YaBrowser,1101
2023-11-05,Opera Mini,515
2023-11-05,Whale Browser,304
2023-11-05,(not set),261
2023-11-05,UC Browser,180
2023-11-05,Internet Explorer,126
2023-11-05,Coc Coc,108
2023-11-05,Mozilla,108
2023-11-04,Chrome,310788
2023-11-04,Safari,160757
2023-11-04,Edge,29521
2023-11-04,Firefox,19685
2023-11-04,Android Webview,15006
2023-11-04,Safari (in-app),13411
2023-11-04,Samsung Internet,10887
2023-11-04,Opera,3685
2023-11-04,Mozilla Compatible Agent,2191
2023-11-04,Amazon Silk,1218
2023-11-04,(not set),1079
2023-11-04,YaBrowser,903
2023-11-04,Opera Mini,497
2023-11-04,Whale Browser,248
2023-11-04,UC Browser,185
2023-11-04,Internet Explorer,111
2023-11-03,Chrome,521764
2023-11-03,Safari,178449
2023-11-03,Edge,53773
2023-11-03,Firefox,27602
2023-11-03,Safari (in-app),16949
2023-11-03,Android Webview,16452
2023-11-03,Samsung Internet,11181
2023-11-03,Opera,4403
2023-11-03,Mozilla Compatible Agent,2266
2023-11-03,YaBrowser,1182
2023-11-03,Amazon Silk,998
2023-11-03,(not set),513
2023-11-03,Opera Mini,495
2023-11-03,Internet Explorer,215
2023-11-03,Whale Browser,208
2023-11-03,UC Browser,175
2023-11-03,Mozilla,124
2023-11-02,Chrome,593482
2023-11-02,Safari,184326
2023-11-02,Edge,61622
2023-11-02,Firefox,31710
2023-11-02,Safari (in-app),18483
2023-11-02,Android Webview,15018
2023-11-02,Samsung Internet,11407
2023-11-02,Opera,4682
2023-11-02,Mozilla Compatible Agent,1980
2023-11-02,YaBrowser,1343
2023-11-02,Amazon Silk,1032
2023-11-02,Opera Mini,500
2023-11-02,(not set),286
2023-11-02,Whale Browser,251
2023-11-02,Internet Explorer,246
2023-11-02,Mozilla,135
2023-11-02,UC Browser,126
2023-11-01,Chrome,637844
2023-11-01,Safari,207706
2023-11-01,Edge,65292
2023-11-01,Firefox,30631
2023-11-01,Safari (in-app),22862
2023-11-01,Android Webview,16314
2023-11-01,Samsung Internet,12998
2023-11-01,Opera,4722
2023-11-01,Mozilla Compatible Agent,2089
2023-11-01,Amazon Silk,1577
2023-11-01,YaBrowser,1195
2023-11-01,(not set),528
2023-11-01,Opera Mini,490
2023-11-01,Whale Browser,311
2023-11-01,Internet Explorer,220
2023-11-01,UC Browser,148
2023-11-01,Mozilla,122
2023-11-01,Android Runtime,102
2023-10-31,Chrome,542710
2023-10-31,Safari,167981
2023-10-31,Edge,60627
2023-10-31,Firefox,28484
2023-10-31,Safari (in-app),12242
2023-10-31,Android Webview,11660
2023-10-31,Samsung Internet,10360
2023-10-31,Opera,4600
2023-10-31,Mozilla Compatible Agent,1828
2023-10-31,YaBrowser,1183
2023-10-31,Amazon Silk,927
2023-10-31,(not set),879
2023-10-31,Opera Mini,491
2023-10-31,Whale Browser,363
2023-10-31,Internet Explorer,276
2023-10-31,UC Browser,132
2023-10-31,Android Browser,120
2023-10-31,Mozilla,119
2023-10-30,Chrome,553564
2023-10-30,Safari,177678
2023-10-30,Edge,61520
2023-10-30,Firefox,29835
2023-10-30,Safari (in-app),13590
2023-10-30,Android Webview,11686
2023-10-30,Samsung Internet,9913
2023-10-30,Opera,4885
2023-10-30,Mozilla Compatible Agent,1953
2023-10-30,YaBrowser,1171
2023-10-30,Amazon Silk,886
2023-10-30,Opera Mini,499
2023-10-30,Whale Browser,263
2023-10-30,Internet Explorer,247
2023-10-30,(not set),227
2023-10-30,UC Browser,141
2023-10-30,Mozilla,124
2023-10-30,Coc Coc,102
2023-10-29,Chrome,322445
2023-10-29,Safari,168652
2023-10-29,Edge,34305
2023-10-29,Firefox,20182
2023-10-29,Safari (in-app),10968
2023-10-29,Samsung Internet,10573
2023-10-29,Android Webview,9828
2023-10-29,Opera,4272
2023-10-29,Mozilla Compatible Agent,1611
2023-10-29,YaBrowser,1130
2023-10-29,Amazon Silk,971
2023-10-29,Opera Mini,535
2023-10-29,Whale Browser,268
2023-10-29,(not set),198
2023-10-29,Internet Explorer,167
2023-10-29,UC Browser,165
2023-10-28,Chrome,445777
2023-10-28,Safari,170590
2023-10-28,Edge,28518
2023-10-28,Firefox,19337
2023-10-28,Safari (in-app),10991
2023-10-28,Samsung Internet,10892
2023-10-28,Android Webview,10045
2023-10-28,Opera,3709
2023-10-28,Mozilla Compatible Agent,1492
2023-10-28,Amazon Silk,1225
2023-10-28,(not set),994
2023-10-28,YaBrowser,991
2023-10-28,Opera Mini,467
2023-10-28,Whale Browser,200
2023-10-28,Internet Explorer,169
2023-10-28,UC Browser,145
2023-10-27,Chrome,591194
2023-10-27,Safari,161776
2023-10-27,Edge,49541
2023-10-27,Firefox,27750
2023-10-27,Safari (in-app),10774
2023-10-27,Android Webview,10373
2023-10-27,Samsung Internet,9956
2023-10-27,Opera,4162
2023-10-27,Mozilla Compatible Agent,1902
2023-10-27,YaBrowser,1095
2023-10-27,Amazon Silk,976
2023-10-27,Opera Mini,480
2023-10-27,(not set),312
2023-10-27,Internet Explorer,258
2023-10-27,Whale Browser,233
2023-10-27,UC Browser,126
2023-10-27,Mozilla,120
2023-10-26,Chrome,603505
2023-10-26,Safari,174101
2023-10-26,Edge,63300
2023-10-26,Firefox,28967
2023-10-26,Safari (in-app),10408
2023-10-26,Android Webview,9907
2023-10-26,Samsung Internet,9876
2023-10-26,Opera,4738
2023-10-26,Mozilla Compatible Agent,1977
2023-10-26,YaBrowser,1112
2023-10-26,Amazon Silk,852
2023-10-26,(not set),718
2023-10-26,Opera Mini,539
2023-10-26,Internet Explorer,291
2023-10-26,Whale Browser,241
2023-10-26,UC Browser,138
2023-10-26,Android Browser,134
2023-10-26,Mozilla,120
2023-10-25,Chrome,594925
2023-10-25,Safari,187826
2023-10-25,Edge,63912
2023-10-25,Firefox,29610
2023-10-25,Safari (in-app),12850
2023-10-25,Samsung Internet,11373
2023-10-25,Android Webview,11270
2023-10-25,Opera,4944
2023-10-25,Mozilla Compatible Agent,1973
2023-10-25,(not set),1753
2023-10-25,YaBrowser,1179
2023-10-25,Amazon Silk,914
2023-10-25,Opera Mini,520
2023-10-25,Internet Explorer,281
2023-10-25,Whale Browser,263
2023-10-25,UC Browser,149
2023-10-25,Mozilla,135
2023-10-24,Chrome,608668
2023-10-24,Safari,186456
2023-10-24,Edge,63760
2023-10-24,Firefox,30059
2023-10-24,Samsung Internet,10799
2023-10-24,Android Webview,10543
2023-10-24,Safari (in-app),10208
2023-10-24,Opera,4935
2023-10-24,Mozilla Compatible Agent,1848
2023-10-24,YaBrowser,1170
2023-10-24,(not set),1073
2023-10-24,Amazon Silk,912
2023-10-24,Opera Mini,453
2023-10-24,Internet Explorer,269
2023-10-24,Whale Browser,229
2023-10-24,UC Browser,170
2023-10-24,Mozilla,135
2023-10-24,Android Browser,125
2023-10-23,Chrome,602416
2023-10-23,Safari,197927
2023-10-23,Edge,61690
2023-10-23,Firefox,31143
2023-10-23,Samsung Internet,11199
2023-10-23,Safari (in-app),10626
2023-10-23,Android Webview,9798
2023-10-23,Opera,4839
2023-10-23,Mozilla Compatible Agent,1991
2023-10-23,YaBrowser,1123
2023-10-23,Amazon Silk,932
2023-10-23,(not set),806
2023-10-23,Opera Mini,521
2023-10-23,Whale Browser,266
2023-10-23,Internet Explorer,234
2023-10-23,UC Browser,143
2023-10-23,Mozilla,123
2023-10-22,Chrome,369128
2023-10-22,Safari,178214
2023-10-22,Edge,34509
2023-10-22,Firefox,20305
2023-10-22,Safari (in-app),10780
2023-10-22,Samsung Internet,10681
2023-10-22,Android Webview,9851
2023-10-22,Opera,4471
2023-10-22,Mozilla Compatible Agent,1783
2023-10-22,YaBrowser,1084
2023-10-22,Amazon Silk,1062
2023-10-22,Internet Explorer,604
2023-10-22,Opera Mini,538
2023-10-22,Whale Browser,225
2023-10-22,UC Browser,150
2023-10-22,(not set),104
2023-10-22,Mozilla,103
2023-10-21,Chrome,318620
2023-10-21,Safari,174418
2023-10-21,Edge,29874
2023-10-21,Firefox,19655
2023-10-21,(not set),19354
2023-10-21,Safari (in-app),15566
2023-10-21,Android Webview,14491
2023-10-21,Samsung Internet,10929
2023-10-21,Opera,3783
2023-10-21,Mozilla Compatible Agent,1698
2023-10-21,Amazon Silk,1002
2023-10-21,YaBrowser,976
2023-10-21,Opera Mini,482
2023-10-21,Whale Browser,230
2023-10-21,UC Browser,177
2023-10-21,Internet Explorer,163
2023-10-21,Android Browser,116
2023-10-20,Chrome,473323
2023-10-20,Safari,176984
2023-10-20,Edge,51102
2023-10-20,Firefox,31286
2023-10-20,(not set),17165
2023-10-20,Safari (in-app),15350
2023-10-20,Android Webview,14480
2023-10-20,Samsung Internet,10486
2023-10-20,Opera,4232
2023-10-20,Mozilla Compatible Agent,1806
2023-10-20,YaBrowser,1047
2023-10-20,Amazon Silk,955
2023-10-20,Opera Mini,449
2023-10-20,Whale Browser,330
2023-10-20,Internet Explorer,259
2023-10-20,UC Browser,161
2023-10-20,Mozilla,118
2023-10-19,Chrome,547995
2023-10-19,Safari,183072
2023-10-19,Edge,63295
2023-10-19,Firefox,36063
2023-10-19,Safari (in-app),13586
2023-10-19,Android Webview,12572
2023-10-19,Samsung Internet,9775
2023-10-19,Opera,4728
2023-10-19,(not set),4479
2023-10-19,Mozilla Compatible Agent,1863
2023-10-19,YaBrowser,1183
2023-10-19,Amazon Silk,885
2023-10-19,Opera Mini,504
2023-10-19,Internet Explorer,300
2023-10-19,Whale Browser,264
2023-10-19,UC Browser,148
2023-10-19,Mozilla,118
2023-10-18,Chrome,529718
2023-10-18,Safari,183061
2023-10-18,Edge,63194
2023-10-18,Firefox,32826
2023-10-18,Safari (in-app),11303
2023-10-18,Android Webview,10546
2023-10-18,Samsung Internet,9431
2023-10-18,Opera,4729
2023-10-18,Mozilla Compatible Agent,1937
2023-10-18,YaBrowser,1122
2023-10-18,(not set),1031
2023-10-18,Amazon Silk,952
2023-10-18,Opera Mini,488
2023-10-18,Internet Explorer,265
2023-10-18,Whale Browser,229
2023-10-18,UC Browser,183
2023-10-18,Mozilla,118
2023-10-17,Chrome,555132
2023-10-17,Safari,188765
2023-10-17,Edge,62773
2023-10-17,Firefox,34099
2023-10-17,Safari (in-app),13667
2023-10-17,Android Webview,12180
2023-10-17,Samsung Internet,10068
2023-10-17,Opera,4616
2023-10-17,Mozilla Compatible Agent,1919
2023-10-17,YaBrowser,1191
2023-10-17,Amazon Silk,988
2023-10-17,Opera Mini,452
2023-10-17,(not set),415
2023-10-17,Internet Explorer,378
2023-10-17,Whale Browser,251
2023-10-17,UC Browser,178
2023-10-17,Mozilla,120
2023-10-16,Chrome,561659
2023-10-16,Safari,213669
2023-10-16,Edge,65954
2023-10-16,Firefox,36208
2023-10-16,Safari (in-app),13746
2023-10-16,Android Webview,11609
2023-10-16,Samsung Internet,10833
2023-10-16,Opera,4758
2023-10-16,Mozilla Compatible Agent,2160
2023-10-16,YaBrowser,1172
2023-10-16,Amazon Silk,1098
2023-10-16,Opera Mini,479
2023-10-16,(not set),439
2023-10-16,Internet Explorer,368
2023-10-16,Whale Browser,267
2023-10-16,UC Browser,188
2023-10-16,Mozilla,111
2023-10-15,Chrome,421663
2023-10-15,Safari,257984
2023-10-15,Edge,37270
2023-10-15,Firefox,23994
2023-10-15,Samsung Internet,13363
2023-10-15,Safari (in-app),13215
2023-10-15,Android Webview,10861
2023-10-15,Opera,4517
2023-10-15,Mozilla Compatible Agent,1732
2023-10-15,Amazon Silk,1284
2023-10-15,YaBrowser,1093
2023-10-15,Opera Mini,552
2023-10-15,Whale Browser,238
2023-10-15,Internet Explorer,205
2023-10-15,(not set),199
2023-10-15,UC Browser,194
2023-10-15,Android Browser,132
2023-10-14,Chrome,1389594
2023-10-14,Safari,1369218
2023-10-14,Edge,107090
2023-10-14,Safari (in-app),94458
2023-10-14,Android Webview,79469
2023-10-14,Samsung Internet,59537
2023-10-14,Firefox,56041
2023-10-14,Opera,9801
2023-10-14,Amazon Silk,5624
2023-10-14,Mozilla Compatible Agent,2379
2023-10-14,(not set),1348
2023-10-14,YaBrowser,1345
2023-10-14,Opera Mini,520
2023-10-14,Internet Explorer,252
2023-10-14,UC Browser,218
2023-10-14,Whale Browser,212
2023-10-14,DuckDuckGo Browser,118
2023-10-14,Coc Coc,106
2023-10-13,Chrome,901504
2023-10-13,Safari,669343
2023-10-13,Edge,85208
2023-10-13,Firefox,59487
2023-10-13,Safari (in-app),47951
2023-10-13,Android Webview,33986
2023-10-13,Samsung Internet,26734
2023-10-13,Opera,5860
2023-10-13,Mozilla Compatible Agent,2522
2023-10-13,Amazon Silk,2275
2023-10-13,YaBrowser,1126
2023-10-13,(not set),722
2023-10-13,Opera Mini,494
2023-10-13,Internet Explorer,378
2023-10-13,UC Browser,221
2023-10-13,Whale Browser,199
2023-10-13,Mozilla,103
2023-10-12,Chrome,739710
2023-10-12,Safari,385535
2023-10-12,Edge,78168
2023-10-12,Firefox,72963
2023-10-12,Safari (in-app),28181
2023-10-12,Android Webview,19857
2023-10-12,Samsung Internet,17243
2023-10-12,(not set),15512
2023-10-12,Opera,5323
2023-10-12,Mozilla Compatible Agent,2106
2023-10-12,Amazon Silk,1325
2023-10-12,YaBrowser,1278
2023-10-12,Opera Mini,542
2023-10-12,Internet Explorer,344
2023-10-12,Whale Browser,219
2023-10-12,UC Browser,158
2023-10-12,Android Browser,152
2023-10-12,Mozilla,108
2023-10-11,Chrome,734496
2023-10-11,Safari,331432
2023-10-11,Edge,74968
2023-10-11,Firefox,40304
2023-10-11,Safari (in-app),26254
2023-10-11,Android Webview,17583
2023-10-11,Samsung Internet,16561
2023-10-11,Opera,5097
2023-10-11,(not set),3032
2023-10-11,Mozilla Compatible Agent,1956
2023-10-11,Amazon Silk,1337
2023-10-11,YaBrowser,1326
2023-10-11,Opera Mini,373
2023-10-11,Internet Explorer,366
2023-10-11,Whale Browser,262
2023-10-11,UC Browser,151
2023-10-11,Mozilla,120
2023-10-10,Chrome,648482
2023-10-10,Safari,262992
2023-10-10,Edge,67211
2023-10-10,Firefox,36587
2023-10-10,Safari (in-app),32057
2023-10-10,Android Webview,21353
2023-10-10,Samsung Internet,13361
2023-10-10,Opera,4853
2023-10-10,(not set),3993
2023-10-10,Mozilla Compatible Agent,1861
2023-10-10,YaBrowser,1320
2023-10-10,Amazon Silk,1132
2023-10-10,Internet Explorer,360
2023-10-10,Opera Mini,280
2023-10-10,Whale Browser,225
2023-10-10,UC Browser,164
2023-10-10,Mozilla,113
2023-10-09,Chrome,520390
2023-10-09,Safari,243700
2023-10-09,Edge,55856
2023-10-09,Firefox,36674
2023-10-09,Safari (in-app),14474
2023-10-09,Samsung Internet,12413
2023-10-09,Android Webview,12174
2023-10-09,Opera,4882
2023-10-09,Mozilla Compatible Agent,1857
2023-10-09,YaBrowser,1227
2023-10-09,Amazon Silk,1062
2023-10-09,Internet Explorer,325
2023-10-09,Opera Mini,282
2023-10-09,Whale Browser,255
2023-10-09,(not set),237
2023-10-09,UC Browser,159
2023-10-09,Mozilla,105
2023-10-08,Chrome,391479
2023-10-08,Safari,223590
2023-10-08,Edge,36366
2023-10-08,Firefox,26256
2023-10-08,Safari (in-app),13957
2023-10-08,Samsung Internet,12762
2023-10-08,Android Webview,11768
2023-10-08,Opera,4981
2023-10-08,Mozilla Compatible Agent,1379
2023-10-08,YaBrowser,1185
2023-10-08,Amazon Silk,1180
2023-10-08,Opera Mini,324
2023-10-08,Internet Explorer,300
2023-10-08,Whale Browser,190
2023-10-08,(not set),161
2023-10-08,UC Browser,150
2023-10-07,Chrome,367247
2023-10-07,Safari,207862
2023-10-07,Edge,32334
2023-10-07,Firefox,22901
2023-10-07,Safari (in-app),13426
2023-10-07,Samsung Internet,12541
2023-10-07,Android Webview,12076
2023-10-07,Opera,4961
2023-10-07,Mozilla Compatible Agent,1557
2023-10-07,YaBrowser,1151
2023-10-07,Amazon Silk,1069
2023-10-07,(not set),978
2023-10-07,Opera Mini,266
2023-10-07,Internet Explorer,260
2023-10-07,Whale Browser,178
2023-10-07,UC Browser,175